Population_ID,Pop,City,Plant ,Lat,Long,Distance,Urban,Trial,Danaus,Rhysomatus,Aphis_nerii,Myzocallis,Euchaetes,Lygaeus,Oncopeltus,Tetraopes,Liriomyza
AS001,1,Toronto,1,43.550556,-79.663,15.89377953,urban,Early,0,0,0,0,0,0,0,0,0
AS001,1,Toronto,2,43.550556,-79.663,15.89377953,urban,Early,0,0,0,0,0,0,0,0,0
AS001,1,Toronto,3,43.550556,-79.663,15.89377953,urban,Early,1,0,0,0,0,0,0,0,0
AS001,1,Toronto,4,43.550556,-79.663,15.89377953,urban,Early,0,0,0,0,0,0,0,0,0
AS001,1,Toronto,5,43.550556,-79.663,15.89377953,urban,Early,0,0,0,0,0,0,0,0,0
AS001,1,Toronto,1,43.550556,-79.663,15.89377953,urban,Late,0,0,0,0,0,0,0,0,3
AS001,1,Toronto,2,43.550556,-79.663,15.89377953,urban,Late,0,0,0,0,0,0,0,0,7
AS001,1,Toronto,3,43.550556,-79.663,15.89377953,urban,Late,0,0,0,0,0,0,0,0,4
AS001,1,Toronto,4,43.550556,-79.663,15.89377953,urban,Late,0,0,0,0,0,0,0,0,0
AS001,1,Toronto,5,43.550556,-79.663,15.89377953,urban,Late,0,0,0,0,0,0,0,0,7
AS002,2,Toronto,1,43.550225,-79.654062,15.51,urban,Early,0,0,0,0,0,0,0,0,1
AS002,2,Toronto,2,43.550225,-79.654062,15.51,urban,Early,1,0,0,0,0,0,0,0,0
AS002,2,Toronto,3,43.550225,-79.654062,15.51,urban,Early,0,0,0,0,0,0,0,0,1
AS002,2,Toronto,4,43.550225,-79.654062,15.51,urban,Early,0,0,0,0,0,0,0,0,0
AS002,2,Toronto,5,43.550225,-79.654062,15.51,urban,Early,0,0,0,0,0,0,0,0,1
AS002,2,Toronto,1,43.550225,-79.654062,15.51,urban,Late,0,0,0,0,0,0,0,1,3
AS002,2,Toronto,2,43.550225,-79.654062,15.51,urban,Late,1,0,0,0,1,0,0,0,0
AS002,2,Toronto,3,43.550225,-79.654062,15.51,urban,Late,0,0,0,0,5,0,0,0,0
AS002,2,Toronto,4,43.550225,-79.654062,15.51,urban,Late,0,0,0,0,1,0,0,0,0
AS002,2,Toronto,5,43.550225,-79.654062,15.51,urban,Late,0,0,0,0,0,0,0,2,1
AS004,4,Toronto,1,43.562538,-79.674057,16.03360391,urban,Early,0,0,0,0,0,0,0,0,0
AS004,4,Toronto,2,43.562538,-79.674057,16.03360391,urban,Early,0,0,0,0,0,0,0,0,0
AS004,4,Toronto,3,43.562538,-79.674057,16.03360391,urban,Early,0,0,0,0,0,0,0,0,0
AS004,4,Toronto,4,43.562538,-79.674057,16.03360391,urban,Early,0,0,0,0,0,0,0,0,0
AS004,4,Toronto,5,43.562538,-79.674057,16.03360391,urban,Early,0,0,0,0,0,0,0,0,0
AS004,4,Toronto,1,43.562538,-79.674057,16.03360391,urban,Late,0,0,0,0,0,0,0,0,0
AS004,4,Toronto,2,43.562538,-79.674057,16.03360391,urban,Late,0,0,0,0,0,0,0,0,1
AS004,4,Toronto,3,43.562538,-79.674057,16.03360391,urban,Late,1,0,0,0,0,0,0,0,1
AS004,4,Toronto,4,43.562538,-79.674057,16.03360391,urban,Late,1,0,0,0,0,0,0,0,2
AS004,4,Toronto,5,43.562538,-79.674057,16.03360391,urban,Late,0,0,0,0,0,0,0,0,1
AS007,7,Toronto,1,43.566504,-79.680149,16.21,urban,Early,1,0,0,0,0,0,0,3,4
AS007,7,Toronto,2,43.566504,-79.680149,16.21,urban,Early,0,0,0,0,0,0,0,1,0
AS007,7,Toronto,3,43.566504,-79.680149,16.21,urban,Early,0,0,0,0,0,0,0,1,0
AS007,7,Toronto,4,43.566504,-79.680149,16.21,urban,Early,0,0,0,0,0,0,0,0,1
AS007,7,Toronto,5,43.566504,-79.680149,16.21,urban,Early,0,0,0,0,0,0,0,0,0
AS007,7,Toronto,1,43.566504,-79.680149,16.21,urban,Late,1,0,0,0,0,0,0,0,3
AS007,7,Toronto,2,43.566504,-79.680149,16.21,urban,Late,0,0,0,0,0,0,0,0,1
AS007,7,Toronto,3,43.566504,-79.680149,16.21,urban,Late,0,0,0,0,0,0,0,0,3
AS007,7,Toronto,4,43.566504,-79.680149,16.21,urban,Late,0,0,0,0,0,0,0,0,0
AS007,7,Toronto,5,43.566504,-79.680149,16.21,urban,Late,0,0,0,0,0,0,0,0,0
AS012,12,Toronto,1,43.492717,-79.748081,21.58,rural,Early,1,0,0,0,0,0,0,0,0
AS012,12,Toronto,2,43.492717,-79.748081,21.58,rural,Early,0,0,0,0,0,0,0,0,0
AS012,12,Toronto,3,43.492717,-79.748081,21.58,rural,Early,0,0,0,0,0,0,0,0,0
AS012,12,Toronto,4,43.492717,-79.748081,21.58,rural,Early,0,0,0,0,0,0,0,0,0
AS012,12,Toronto,5,43.492717,-79.748081,21.58,rural,Early,0,0,0,0,0,0,0,0,0
AS012,12,Toronto,1,43.492717,-79.748081,21.58,rural,Late,1,0,0,0,0,0,0,0,0
AS012,12,Toronto,2,43.492717,-79.748081,21.58,rural,Late,0,0,0,0,0,0,0,0,0
AS012,12,Toronto,3,43.492717,-79.748081,21.58,rural,Late,0,0,0,0,0,0,0,0,0
AS012,12,Toronto,4,43.492717,-79.748081,21.58,rural,Late,0,0,0,0,0,0,0,0,0
AS012,12,Toronto,5,43.492717,-79.748081,21.58,rural,Late,0,0,0,0,0,0,0,0,0
AS014,14,Toronto,1,43.438669,-79.780878,25.05,rural,Early,0,0,0,0,0,0,0,0,2
AS014,14,Toronto,2,43.438669,-79.780878,25.05,rural,Early,0,0,0,0,0,0,0,0,2
AS014,14,Toronto,3,43.438669,-79.780878,25.05,rural,Early,0,0,0,0,0,0,0,0,0
AS014,14,Toronto,4,43.438669,-79.780878,25.05,rural,Early,0,0,0,0,0,0,0,0,1
AS014,14,Toronto,5,43.438669,-79.780878,25.05,rural,Early,0,0,0,0,0,0,0,0,0
AS014,14,Toronto,1,43.438669,-79.780878,25.05,rural,Late,0,0,4,0,0,0,0,0,0
AS014,14,Toronto,2,43.438669,-79.780878,25.05,rural,Late,0,0,0,0,0,0,0,1,1
AS014,14,Toronto,3,43.438669,-79.780878,25.05,rural,Late,0,0,0,0,0,0,0,1,2
AS014,14,Toronto,4,43.438669,-79.780878,25.05,rural,Late,0,0,0,0,1,0,0,0,1
AS014,14,Toronto,5,43.438669,-79.780878,25.05,rural,Late,0,0,0,0,0,0,0,2,2
AS019,19,Toronto,1,43.434125,-79.903894,30.36,rural,Early,0,0,0,0,0,0,0,0,0
AS019,19,Toronto,2,43.434125,-79.903894,30.36,rural,Early,0,0,0,0,0,0,0,0,0
AS019,19,Toronto,3,43.434125,-79.903894,30.36,rural,Early,0,0,0,0,0,0,0,0,0
AS019,19,Toronto,4,43.434125,-79.903894,30.36,rural,Early,0,0,0,0,0,0,0,0,0
AS019,19,Toronto,5,43.434125,-79.903894,30.36,rural,Early,0,0,0,0,0,0,0,0,0
AS020,20,Toronto,1,43.433302,-79.902403,30.32,rural,Early,0,0,0,0,0,0,0,0,0
AS020,20,Toronto,2,43.433302,-79.902403,30.32,rural,Early,0,0,0,0,0,0,0,0,0
AS020,20,Toronto,3,43.433302,-79.902403,30.32,rural,Early,0,0,0,0,0,0,0,0,0
AS020,20,Toronto,4,43.433302,-79.902403,30.32,rural,Early,0,0,0,0,0,0,0,0,0
AS020,20,Toronto,5,43.433302,-79.902403,30.32,rural,Early,0,0,0,0,0,0,0,0,0
AS020,20,Toronto,1,43.433302,-79.902403,30.32,rural,Late,0,0,0,0,0,0,0,0,0
AS020,20,Toronto,2,43.433302,-79.902403,30.32,rural,Late,0,0,0,0,0,0,0,0,0
AS020,20,Toronto,3,43.433302,-79.902403,30.32,rural,Late,0,0,0,0,0,0,0,0,0
AS020,20,Toronto,4,43.433302,-79.902403,30.32,rural,Late,0,0,0,0,0,0,0,0,1
AS020,20,Toronto,5,43.433302,-79.902403,30.32,rural,Late,1,0,0,0,0,0,0,0,0
AS021,21,Toronto,1,43.457451,-79.866815,27.94,rural,Early,0,0,0,0,0,0,0,0,0
AS021,21,Toronto,2,43.457451,-79.866815,27.94,rural,Early,0,0,0,0,0,0,0,0,0
AS021,21,Toronto,3,43.457451,-79.866815,27.94,rural,Early,0,0,0,0,0,0,0,0,0
AS021,21,Toronto,4,43.457451,-79.866815,27.94,rural,Early,0,2,0,0,0,0,0,0,0
AS021,21,Toronto,5,43.457451,-79.866815,27.94,rural,Early,0,0,0,0,0,0,0,0,0
AS021,21,Toronto,1,43.457451,-79.866815,27.94,rural,Early,3,0,0,0,0,0,0,0,0
AS021,21,Toronto,2,43.457451,-79.866815,27.94,rural,Early,2,0,0,0,0,0,0,0,1
AS021,21,Toronto,3,43.457451,-79.866815,27.94,rural,Early,0,0,0,0,0,0,0,0,0
AS021,21,Toronto,4,43.457451,-79.866815,27.94,rural,Early,0,0,0,0,0,0,0,0,0
AS021,21,Toronto,5,43.457451,-79.866815,27.94,rural,Early,0,0,0,0,0,0,0,0,0
AS021,21,Toronto,1,43.457451,-79.866815,27.94,rural,Late,0,0,0,0,0,0,0,0,0
AS021,21,Toronto,2,43.457451,-79.866815,27.94,rural,Late,0,0,0,0,0,0,0,0,0
AS021,21,Toronto,3,43.457451,-79.866815,27.94,rural,Late,0,0,0,0,0,0,0,0,1
AS021,21,Toronto,4,43.457451,-79.866815,27.94,rural,Late,0,0,0,0,0,0,0,0,0
AS021,21,Toronto,5,43.457451,-79.866815,27.94,rural,Late,0,0,0,0,0,0,0,0,0
AS024,24,Toronto,1,43.589594,-79.638468,13.68,urban,Early,0,0,0,0,0,0,0,0,0
AS024,24,Toronto,2,43.589594,-79.638468,13.68,urban,Early,0,0,0,0,0,0,0,0,2
AS024,24,Toronto,3,43.589594,-79.638468,13.68,urban,Early,0,0,0,0,0,0,0,0,0
AS024,24,Toronto,4,43.589594,-79.638468,13.68,urban,Early,0,0,0,0,0,0,0,0,2
AS024,24,Toronto,5,43.589594,-79.638468,13.68,urban,Early,0,0,0,0,0,0,0,0,0
AS024,24,Toronto,1,43.589594,-79.638468,13.68,urban,Late,0,0,0,0,0,0,0,0,0
AS024,24,Toronto,2,43.589594,-79.638468,13.68,urban,Late,0,0,0,0,0,0,0,0,0
AS024,24,Toronto,3,43.589594,-79.638468,13.68,urban,Late,0,0,0,0,0,0,0,0,2
AS024,24,Toronto,4,43.589594,-79.638468,13.68,urban,Late,1,0,0,0,0,0,0,0,0
AS024,24,Toronto,5,43.589594,-79.638468,13.68,urban,Late,0,0,0,0,0,0,0,0,0
AS025,25,Toronto,1,43.534585,-79.645432,15.68,urban,Early,0,0,0,0,0,0,0,0,0
AS025,25,Toronto,2,43.534585,-79.645432,15.68,urban,Early,0,0,0,0,0,0,0,0,0
AS025,25,Toronto,3,43.534585,-79.645432,15.68,urban,Early,0,0,0,0,0,0,0,0,0
AS025,25,Toronto,4,43.534585,-79.645432,15.68,urban,Early,0,0,0,0,0,0,0,0,0
AS025,25,Toronto,5,43.534585,-79.645432,15.68,urban,Early,0,0,0,0,0,0,0,0,0
AS025,25,Toronto,1,43.534585,-79.645432,15.68,urban,Late,1,0,0,0,0,0,0,0,0
AS025,25,Toronto,2,43.534585,-79.645432,15.68,urban,Late,1,0,0,0,0,0,0,0,0
AS025,25,Toronto,3,43.534585,-79.645432,15.68,urban,Late,0,0,0,0,0,0,0,0,1
AS025,25,Toronto,4,43.534585,-79.645432,15.68,urban,Late,0,0,0,0,0,0,0,0,0
AS025,25,Toronto,5,43.534585,-79.645432,15.68,urban,Late,0,0,0,0,0,0,0,0,2
AS026,26,Toronto,1,43.615384,-79.570454,9.89,urban,Early,0,0,0,0,0,0,0,0,0
AS026,26,Toronto,2,43.615384,-79.570454,9.89,urban,Early,0,0,0,0,0,0,0,0,0
AS026,26,Toronto,1,43.615384,-79.570454,9.89,urban,Late,1,0,0,0,0,0,0,0,0
AS026,26,Toronto,2,43.615384,-79.570454,9.89,urban,Late,0,0,0,0,0,0,0,0,0
AS028,28,Toronto,1,43.661177,-79.500382,5.98,urban,Early,0,0,0,0,0,0,0,0,0
AS028,28,Toronto,2,43.661177,-79.500382,5.98,urban,Early,0,0,0,0,0,0,0,0,0
AS028,28,Toronto,3,43.661177,-79.500382,5.98,urban,Early,0,0,0,0,0,0,0,0,0
AS028,28,Toronto,4,43.661177,-79.500382,5.98,urban,Early,0,0,0,0,0,0,0,1,0
AS028,28,Toronto,5,43.661177,-79.500382,5.98,urban,Early,0,0,0,0,0,0,0,0,0
AS028,28,Toronto,1,43.661177,-79.500382,5.98,urban,Late,0,0,0,0,0,0,0,0,3
AS028,28,Toronto,2,43.661177,-79.500382,5.98,urban,Late,0,0,0,0,0,0,0,0,1
AS028,28,Toronto,3,43.661177,-79.500382,5.98,urban,Late,0,0,0,0,0,0,0,1,0
AS028,28,Toronto,4,43.661177,-79.500382,5.98,urban,Late,0,0,0,0,0,0,0,1,0
AS028,28,Toronto,5,43.661177,-79.500382,5.98,urban,Late,0,0,0,0,0,0,0,0,0
AS029,29,Toronto,1,43.711948,-79.535894,8.65,urban,Early,0,0,0,0,0,0,0,0,0
AS029,29,Toronto,2,43.711948,-79.535894,8.65,urban,Early,0,0,0,0,0,0,0,0,0
AS029,29,Toronto,3,43.711948,-79.535894,8.65,urban,Early,0,0,0,0,0,0,0,0,0
AS029,29,Toronto,4,43.711948,-79.535894,8.65,urban,Early,0,0,0,0,0,0,0,0,1
AS029,29,Toronto,5,43.711948,-79.535894,8.65,urban,Early,1,0,0,0,0,0,0,0,1
AS029,29,Toronto,1,43.711948,-79.535894,8.65,urban,Late,0,0,0,0,0,0,0,0,4
AS029,29,Toronto,2,43.711948,-79.535894,8.65,urban,Late,0,0,0,0,0,0,0,1,2
AS029,29,Toronto,3,43.711948,-79.535894,8.65,urban,Late,0,0,0,0,0,0,0,0,1
AS029,29,Toronto,4,43.711948,-79.535894,8.65,urban,Late,0,0,0,0,0,0,0,1,2
AS029,29,Toronto,5,43.711948,-79.535894,8.65,urban,Late,0,0,0,0,0,0,0,0,0
AS031,31,Toronto,1,43.484111,-79.837702,25.78,rural,Early,0,0,0,0,0,0,0,0,1
AS031,31,Toronto,2,43.484111,-79.837702,25.78,rural,Early,0,0,0,0,0,0,0,0,0
AS031,31,Toronto,3,43.484111,-79.837702,25.78,rural,Early,0,0,0,0,0,0,0,0,0
AS031,31,Toronto,4,43.484111,-79.837702,25.78,rural,Early,0,0,0,0,0,0,0,0,0
AS031,31,Toronto,5,43.484111,-79.837702,25.78,rural,Early,0,0,0,0,0,0,0,0,0
AS031,31,Toronto,1,43.484111,-79.837702,25.78,rural,Late,0,0,0,0,0,0,0,1,0
AS031,31,Toronto,2,43.484111,-79.837702,25.78,rural,Late,0,0,0,0,0,0,0,2,0
AS031,31,Toronto,3,43.484111,-79.837702,25.78,rural,Late,0,0,0,0,0,0,0,0,0
AS031,31,Toronto,4,43.484111,-79.837702,25.78,rural,Late,0,0,0,0,0,0,0,0,0
AS031,31,Toronto,5,43.484111,-79.837702,25.78,rural,Late,0,0,0,0,0,0,0,0,0
AS032,32,Toronto,1,43.41401,-79.953028,33.19,rural,Early,0,0,0,0,0,0,0,0,0
AS032,32,Toronto,2,43.41401,-79.953028,33.19,rural,Early,0,0,0,0,0,0,0,0,0
AS032,32,Toronto,3,43.41401,-79.953028,33.19,rural,Early,0,0,0,0,0,0,0,0,0
AS032,32,Toronto,4,43.41401,-79.953028,33.19,rural,Early,0,0,0,0,0,0,0,0,0
AS032,32,Toronto,5,43.41401,-79.953028,33.19,rural,Early,0,0,0,0,0,0,0,0,0
AS032,32,Toronto,1,43.41401,-79.953028,33.19,rural,Early,0,0,0,0,0,0,0,0,1
AS032,32,Toronto,2,43.41401,-79.953028,33.19,rural,Early,1,0,0,0,0,0,0,0,0
AS032,32,Toronto,3,43.41401,-79.953028,33.19,rural,Early,0,0,0,0,0,0,0,0,0
AS032,32,Toronto,4,43.41401,-79.953028,33.19,rural,Early,0,0,0,0,0,0,0,0,0
AS032,32,Toronto,5,43.41401,-79.953028,33.19,rural,Early,0,0,0,0,0,0,0,0,1
AS032,32,Toronto,1,43.41401,-79.953028,33.19,rural,Late,0,0,0,0,0,0,0,0,0
AS032,32,Toronto,2,43.41401,-79.953028,33.19,rural,Late,0,0,0,0,0,0,0,0,1
AS032,32,Toronto,3,43.41401,-79.953028,33.19,rural,Late,0,0,0,0,0,0,0,0,0
AS032,32,Toronto,4,43.41401,-79.953028,33.19,rural,Late,0,0,0,0,0,0,0,0,0
AS032,32,Toronto,5,43.41401,-79.953028,33.19,rural,Late,0,0,0,0,0,0,0,0,1
AS033,33,Toronto,1,43.387612,-79.959232,34.41,rural,Early,0,0,0,0,0,0,0,0,0
AS033,33,Toronto,2,43.387612,-79.959232,34.41,rural,Early,0,0,0,0,0,0,0,0,0
AS033,33,Toronto,3,43.387612,-79.959232,34.41,rural,Early,0,0,0,0,0,0,0,0,0
AS033,33,Toronto,4,43.387612,-79.959232,34.41,rural,Early,0,0,0,0,0,0,0,0,0
AS033,33,Toronto,5,43.387612,-79.959232,34.41,rural,Early,0,0,0,0,0,0,0,0,0
AS033,33,Toronto,1,43.387612,-79.959232,34.41,rural,Early,0,0,0,0,0,0,0,0,0
AS033,33,Toronto,2,43.387612,-79.959232,34.41,rural,Early,0,0,0,0,0,0,0,0,0
AS033,33,Toronto,3,43.387612,-79.959232,34.41,rural,Early,1,0,0,0,0,0,0,0,2
AS033,33,Toronto,4,43.387612,-79.959232,34.41,rural,Early,0,0,0,0,0,0,0,0,1
AS033,33,Toronto,5,43.387612,-79.959232,34.41,rural,Early,0,0,0,0,0,0,0,0,0
AS033,33,Toronto,1,43.387612,-79.959232,34.41,rural,Late,0,0,0,0,0,0,0,1,15
AS034,34,Toronto,1,43.399222,-79.930576,32.77,rural,Early,0,0,0,0,0,0,0,0,0
AS034,34,Toronto,2,43.399222,-79.930576,32.77,rural,Early,0,0,0,0,0,0,0,0,0
AS034,34,Toronto,3,43.399222,-79.930576,32.77,rural,Early,0,0,0,0,0,0,0,0,0
AS034,34,Toronto,4,43.399222,-79.930576,32.77,rural,Early,2,0,0,0,0,0,0,0,1
AS034,34,Toronto,5,43.399222,-79.930576,32.77,rural,Early,0,0,0,0,0,0,0,0,0
AS034,34,Toronto,1,43.399222,-79.930576,32.77,rural,Early,0,0,0,0,0,0,0,0,0
AS034,34,Toronto,2,43.399222,-79.930576,32.77,rural,Early,0,0,0,0,0,0,0,0,0
AS034,34,Toronto,3,43.399222,-79.930576,32.77,rural,Early,0,0,0,0,0,0,0,0,2
AS034,34,Toronto,4,43.399222,-79.930576,32.77,rural,Early,0,0,0,0,0,0,0,0,1
AS034,34,Toronto,5,43.399222,-79.930576,32.77,rural,Early,1,0,0,0,0,0,0,0,0
AS034,34,Toronto,1,43.399222,-79.930576,32.77,rural,Late,0,0,0,0,0,0,0,0,1
AS034,34,Toronto,2,43.399222,-79.930576,32.77,rural,Late,0,0,0,0,0,0,0,0,0
AS034,34,Toronto,3,43.399222,-79.930576,32.77,rural,Late,0,0,0,0,0,0,0,0,4
AS034,34,Toronto,4,43.399222,-79.930576,32.77,rural,Late,0,0,0,0,0,0,0,0,0
AS034,34,Toronto,5,43.399222,-79.930576,32.77,rural,Late,0,0,0,0,0,0,0,0,1
AS035,35,Toronto,1,43.377146,-79.973861,35.42,rural,Early,0,0,0,0,0,0,0,0,0
AS035,35,Toronto,2,43.377146,-79.973861,35.42,rural,Early,0,0,0,0,0,0,0,0,0
AS035,35,Toronto,3,43.377146,-79.973861,35.42,rural,Early,0,0,0,0,0,0,0,0,0
AS035,35,Toronto,4,43.377146,-79.973861,35.42,rural,Early,0,0,0,0,0,0,0,0,0
AS035,35,Toronto,5,43.377146,-79.973861,35.42,rural,Early,0,0,0,0,0,0,0,0,0
AS035,35,Toronto,1,43.377146,-79.973861,35.42,rural,Early,2,0,0,0,0,0,0,0,0
AS035,35,Toronto,2,43.377146,-79.973861,35.42,rural,Early,1,0,0,0,0,0,0,0,0
AS035,35,Toronto,3,43.377146,-79.973861,35.42,rural,Early,1,0,0,0,0,0,0,0,0
AS035,35,Toronto,4,43.377146,-79.973861,35.42,rural,Early,2,0,0,0,0,0,0,0,1
AS035,35,Toronto,5,43.377146,-79.973861,35.42,rural,Early,0,0,0,0,0,0,0,0,1
AS035,35,Toronto,1,43.377146,-79.973861,35.42,rural,Late,0,0,0,0,0,0,0,0,2
AS035,35,Toronto,2,43.377146,-79.973861,35.42,rural,Late,0,0,0,0,0,0,0,0,0
AS035,35,Toronto,3,43.377146,-79.973861,35.42,rural,Late,1,0,0,0,0,0,0,0,0
AS035,35,Toronto,4,43.377146,-79.973861,35.42,rural,Late,0,0,0,0,50,0,0,0,0
AS035,35,Toronto,5,43.377146,-79.973861,35.42,rural,Late,5,0,0,0,0,0,0,0,0
AS036,36,Toronto,1,43.371308,-79.981819,35.98,rural,Early,1,0,0,0,0,0,0,0,0
AS036,36,Toronto,2,43.371308,-79.981819,35.98,rural,Early,1,0,0,0,0,0,0,0,0
AS036,36,Toronto,3,43.371308,-79.981819,35.98,rural,Early,0,0,0,0,0,0,0,0,0
AS036,36,Toronto,4,43.371308,-79.981819,35.98,rural,Early,1,0,0,0,0,0,0,0,0
AS036,36,Toronto,5,43.371308,-79.981819,35.98,rural,Early,0,0,0,0,0,0,0,0,0
AS036,36,Toronto,1,43.371308,-79.981819,35.98,rural,Early,0,0,0,0,0,0,0,0,2
AS036,36,Toronto,2,43.371308,-79.981819,35.98,rural,Early,0,0,0,0,0,0,0,1,0
AS036,36,Toronto,3,43.371308,-79.981819,35.98,rural,Early,1,0,0,0,0,0,0,0,0
AS036,36,Toronto,4,43.371308,-79.981819,35.98,rural,Early,0,0,0,0,0,0,0,0,0
AS036,36,Toronto,5,43.371308,-79.981819,35.98,rural,Early,0,0,0,0,0,0,0,0,0
AS036,36,Toronto,1,43.371308,-79.981819,35.98,rural,Late,1,0,0,0,0,0,0,0,0
AS036,36,Toronto,2,43.371308,-79.981819,35.98,rural,Late,1,0,0,0,0,0,0,0,0
AS036,36,Toronto,3,43.371308,-79.981819,35.98,rural,Late,3,0,0,0,0,0,0,0,0
AS036,36,Toronto,4,43.371308,-79.981819,35.98,rural,Late,1,0,0,0,0,0,0,0,0
AS036,36,Toronto,5,43.371308,-79.981819,35.98,rural,Late,1,0,0,0,1,0,0,0,0
AS037,37,Toronto,1,43.363349,-80.01471,37.66,rural,Early,10,0,0,0,0,0,0,0,0
AS037,37,Toronto,2,43.363349,-80.01471,37.66,rural,Early,0,0,0,0,0,0,0,0,0
AS037,37,Toronto,1,43.363349,-80.01471,37.66,rural,Late,2,0,0,0,0,0,0,0,0
AS037,37,Toronto,2,43.363349,-80.01471,37.66,rural,Late,0,0,0,0,0,0,0,0,0
AS037,37,Toronto,3,43.363349,-80.01471,37.66,rural,Late,0,0,0,0,0,0,0,0,0
AS037,37,Toronto,4,43.363349,-80.01471,37.66,rural,Late,1,0,0,0,0,0,0,0,0
AS039,39,Toronto,1,43.719453,-79.445163,5.42,urban,Early,0,0,0,0,0,0,0,0,0
AS039,39,Toronto,2,43.719453,-79.445163,5.42,urban,Early,0,0,0,0,0,0,0,0,0
AS039,39,Toronto,3,43.719453,-79.445163,5.42,urban,Early,0,0,0,0,0,0,0,0,0
AS039,39,Toronto,4,43.719453,-79.445163,5.42,urban,Early,0,0,0,0,0,0,0,0,0
AS039,39,Toronto,5,43.719453,-79.445163,5.42,urban,Early,0,0,0,0,0,0,0,0,3
AS039,39,Toronto,1,43.719453,-79.445163,5.42,urban,Late,0,0,0,0,0,0,0,0,4
AS039,39,Toronto,2,43.719453,-79.445163,5.42,urban,Late,0,0,0,0,0,0,0,0,1
AS039,39,Toronto,3,43.719453,-79.445163,5.42,urban,Late,0,0,0,0,0,0,0,0,6
AS039,39,Toronto,4,43.719453,-79.445163,5.42,urban,Late,0,0,0,0,0,0,0,0,7
AS039,39,Toronto,5,43.719453,-79.445163,5.42,urban,Late,0,0,0,0,0,0,0,0,5
AS040,40,Toronto,1,43.726466,-79.445593,5.82,urban,Early,2,0,0,0,0,0,0,0,0
AS040,40,Toronto,2,43.726466,-79.445593,5.82,urban,Early,0,0,0,0,0,0,0,0,0
AS040,40,Toronto,3,43.726466,-79.445593,5.82,urban,Early,1,0,0,0,0,0,0,0,0
AS040,40,Toronto,4,43.726466,-79.445593,5.82,urban,Early,0,0,0,0,0,0,0,0,0
AS040,40,Toronto,5,43.726466,-79.445593,5.82,urban,Early,0,0,15,0,0,0,0,0,0
AS040,40,Toronto,1,43.726466,-79.445593,5.82,urban,Late,0,0,0,0,0,0,0,0,1
AS040,40,Toronto,2,43.726466,-79.445593,5.82,urban,Late,0,0,0,0,0,0,0,0,0
AS040,40,Toronto,3,43.726466,-79.445593,5.82,urban,Late,0,0,1,0,0,0,0,0,1
AS040,40,Toronto,4,43.726466,-79.445593,5.82,urban,Late,0,0,0,0,0,0,0,0,1
AS040,40,Toronto,5,43.726466,-79.445593,5.82,urban,Late,1,0,0,0,0,0,0,0,0
AS041,41,Toronto,1,43.713472,-79.463271,5.7,urban,Early,1,0,0,0,0,0,0,0,0
AS041,41,Toronto,2,43.713472,-79.463271,5.7,urban,Early,1,0,0,0,0,0,0,0,0
AS041,41,Toronto,3,43.713472,-79.463271,5.7,urban,Early,0,0,0,0,0,0,0,0,0
AS041,41,Toronto,4,43.713472,-79.463271,5.7,urban,Early,0,0,0,0,0,0,0,0,0
AS041,41,Toronto,5,43.713472,-79.463271,5.7,urban,Early,0,0,0,0,0,0,0,0,0
AS041,41,Toronto,1,43.713472,-79.463271,5.7,urban,Late,2,0,0,0,0,0,0,0,0
AS041,41,Toronto,2,43.713472,-79.463271,5.7,urban,Late,1,0,0,0,0,0,0,0,0
AS041,41,Toronto,3,43.713472,-79.463271,5.7,urban,Late,0,0,0,0,0,0,0,0,0
AS041,41,Toronto,4,43.713472,-79.463271,5.7,urban,Late,1,0,0,0,0,0,0,0,0
AS041,41,Toronto,5,43.713472,-79.463271,5.7,urban,Late,0,0,0,0,0,0,0,0,0
AS042,42,Toronto,1,43.713584,-79.475768,6.17,urban,Early,0,0,0,0,0,0,0,0,0
AS042,42,Toronto,2,43.713584,-79.475768,6.17,urban,Early,0,0,0,0,0,0,0,0,0
AS042,42,Toronto,3,43.713584,-79.475768,6.17,urban,Early,0,0,0,0,0,0,0,0,0
AS042,42,Toronto,4,43.713584,-79.475768,6.17,urban,Early,0,0,0,0,0,0,0,0,0
AS042,42,Toronto,5,43.713584,-79.475768,6.17,urban,Early,0,0,0,0,0,0,0,0,0
AS042,42,Toronto,1,43.713584,-79.475768,6.17,urban,Late,0,0,0,0,0,0,0,0,3
AS042,42,Toronto,2,43.713584,-79.475768,6.17,urban,Late,0,0,0,0,0,0,0,0,2
AS042,42,Toronto,3,43.713584,-79.475768,6.17,urban,Late,0,0,0,0,0,0,0,0,2
AS042,42,Toronto,4,43.713584,-79.475768,6.17,urban,Late,0,0,0,0,0,0,0,0,0
AS042,42,Toronto,5,43.713584,-79.475768,6.17,urban,Late,0,0,0,0,0,0,0,0,1
AS043,43,Toronto,1,43.71387,-79.505919,7.4,urban,Early,0,0,0,0,0,0,0,0,0
AS043,43,Toronto,2,43.71387,-79.505919,7.4,urban,Early,0,0,0,0,0,0,0,1,0
AS043,43,Toronto,3,43.71387,-79.505919,7.4,urban,Early,0,0,0,0,0,0,0,0,0
AS043,43,Toronto,4,43.71387,-79.505919,7.4,urban,Early,0,0,0,0,0,0,0,0,0
AS043,43,Toronto,5,43.71387,-79.505919,7.4,urban,Early,0,0,0,0,0,0,0,0,0
AS043,43,Toronto,1,43.71387,-79.505919,7.4,urban,Late,0,0,0,0,0,0,0,0,0
AS043,43,Toronto,2,43.71387,-79.505919,7.4,urban,Late,1,0,0,0,0,0,0,0,3
AS043,43,Toronto,3,43.71387,-79.505919,7.4,urban,Late,0,0,57,0,0,0,0,0,0
AS043,43,Toronto,4,43.71387,-79.505919,7.4,urban,Late,0,0,0,0,0,0,0,0,0
AS043,43,Toronto,5,43.71387,-79.505919,7.4,urban,Late,0,0,0,0,0,0,0,0,0
AS044,44,Toronto,1,43.713092,-79.515599,7.79,urban,Early,2,0,0,0,0,0,0,0,0
AS044,44,Toronto,2,43.713092,-79.515599,7.79,urban,Early,0,0,0,0,0,0,0,0,1
AS044,44,Toronto,3,43.713092,-79.515599,7.79,urban,Early,0,0,0,0,0,0,0,0,1
AS044,44,Toronto,4,43.713092,-79.515599,7.79,urban,Early,0,0,0,0,0,0,0,0,1
AS044,44,Toronto,5,43.713092,-79.515599,7.79,urban,Early,0,0,0,0,0,0,0,0,0
AS044,44,Toronto,1,43.713092,-79.515599,7.79,urban,Late,1,0,0,0,0,0,0,0,4
AS044,44,Toronto,2,43.713092,-79.515599,7.79,urban,Late,0,0,0,0,0,0,0,0,2
AS044,44,Toronto,3,43.713092,-79.515599,7.79,urban,Late,0,0,0,0,0,0,0,0,0
AS044,44,Toronto,4,43.713092,-79.515599,7.79,urban,Late,0,0,0,0,0,0,0,0,6
AS044,44,Toronto,5,43.713092,-79.515599,7.79,urban,Late,0,0,0,0,0,0,0,0,2
AS046,46,Toronto,1,43.358912,-80.043033,39.03,rural,Early,0,2,0,0,0,0,0,0,0
AS046,46,Toronto,2,43.358912,-80.043033,39.03,rural,Early,0,0,0,0,0,0,0,1,0
AS046,46,Toronto,3,43.358912,-80.043033,39.03,rural,Early,0,0,0,0,0,0,0,2,0
AS046,46,Toronto,4,43.358912,-80.043033,39.03,rural,Early,0,0,0,0,0,0,0,0,0
AS046,46,Toronto,5,43.358912,-80.043033,39.03,rural,Early,0,1,0,0,0,0,0,0,0
AS046,46,Toronto,1,43.358912,-80.043033,39.03,rural,Late,0,0,0,0,1,0,0,1,0
AS046,46,Toronto,2,43.358912,-80.043033,39.03,rural,Late,0,0,0,0,1,0,0,0,0
AS046,46,Toronto,3,43.358912,-80.043033,39.03,rural,Late,1,0,0,0,0,0,0,0,0
AS046,46,Toronto,4,43.358912,-80.043033,39.03,rural,Late,0,0,0,0,0,0,0,0,0
AS046,46,Toronto,5,43.358912,-80.043033,39.03,rural,Late,0,0,0,0,0,0,0,0,0
AS047,47,Toronto,1,43.357422,-80.052572,39.49,rural,Early,0,1,0,0,0,0,0,0,0
AS047,47,Toronto,2,43.357422,-80.052572,39.49,rural,Early,0,0,0,0,0,1,0,1,0
AS047,47,Toronto,3,43.357422,-80.052572,39.49,rural,Early,0,0,0,0,0,0,0,1,0
AS047,47,Toronto,4,43.357422,-80.052572,39.49,rural,Early,0,0,0,0,0,0,0,0,0
AS047,47,Toronto,5,43.357422,-80.052572,39.49,rural,Early,0,0,0,0,0,0,0,0,0
AS047,47,Toronto,6,43.357422,-80.052572,39.49,rural,Early,0,0,0,0,0,0,0,0,0
AS047,47,Toronto,7,43.357422,-80.052572,39.49,rural,Early,0,0,0,0,0,0,0,0,0
AS047,47,Toronto,8,43.357422,-80.052572,39.49,rural,Early,0,1,0,0,0,0,0,0,1
AS047,47,Toronto,9,43.357422,-80.052572,39.49,rural,Early,0,0,0,0,0,0,0,0,0
AS047,47,Toronto,10,43.357422,-80.052572,39.49,rural,Early,0,0,0,0,0,0,0,1,1
AS047,47,Toronto,1,43.357422,-80.052572,39.49,rural,Late,0,0,0,0,0,0,0,0,2
AS047,47,Toronto,2,43.357422,-80.052572,39.49,rural,Late,0,0,0,0,0,0,0,0,0
AS047,47,Toronto,3,43.357422,-80.052572,39.49,rural,Late,0,0,0,0,0,0,0,0,0
AS047,47,Toronto,4,43.357422,-80.052572,39.49,rural,Late,0,0,0,0,0,0,0,0,2
AS047,47,Toronto,5,43.357422,-80.052572,39.49,rural,Late,0,0,0,0,0,0,0,0,0
AS048,48,Toronto,1,43.349551,-80.098407,41.74,rural,Early,0,0,0,0,0,0,0,0,0
AS048,48,Toronto,2,43.349551,-80.098407,41.74,rural,Early,0,0,0,0,0,0,0,0,4
AS048,48,Toronto,3,43.349551,-80.098407,41.74,rural,Early,0,0,0,0,0,0,0,0,0
AS048,48,Toronto,4,43.349551,-80.098407,41.74,rural,Early,0,0,0,0,0,0,0,0,0
AS048,48,Toronto,5,43.349551,-80.098407,41.74,rural,Early,0,0,0,0,0,0,0,0,0
AS048,48,Toronto,1,43.349551,-80.098407,41.74,rural,Late,0,0,0,0,0,0,0,0,0
AS048,48,Toronto,2,43.349551,-80.098407,41.74,rural,Late,0,0,0,0,0,0,0,0,0
AS048,48,Toronto,3,43.349551,-80.098407,41.74,rural,Late,0,0,0,0,0,0,0,0,1
AS048,48,Toronto,4,43.349551,-80.098407,41.74,rural,Late,0,0,0,0,0,0,0,0,0
AS048,48,Toronto,5,43.349551,-80.098407,41.74,rural,Late,0,0,0,0,0,0,0,0,0
AS049,49,Toronto,1,43.321018,-80.049313,40.74,rural,Early,0,0,0,0,0,0,0,0,0
AS049,49,Toronto,2,43.321018,-80.049313,40.74,rural,Early,0,0,0,0,0,0,0,2,0
AS049,49,Toronto,3,43.321018,-80.049313,40.74,rural,Early,0,0,0,0,0,0,0,0,2
AS049,49,Toronto,4,43.321018,-80.049313,40.74,rural,Early,0,0,0,0,0,0,0,0,0
AS049,49,Toronto,5,43.321018,-80.049313,40.74,rural,Early,0,0,0,0,0,0,0,0,0
AS049,49,Toronto,1,43.321018,-80.049313,40.74,rural,Late,0,0,0,0,0,0,0,0,0
AS049,49,Toronto,2,43.321018,-80.049313,40.74,rural,Late,0,0,0,0,0,0,0,0,0
AS049,49,Toronto,3,43.321018,-80.049313,40.74,rural,Late,0,0,0,0,0,0,0,0,0
AS049,49,Toronto,4,43.321018,-80.049313,40.74,rural,Late,0,0,0,0,0,0,0,0,0
AS049,49,Toronto,5,43.321018,-80.049313,40.74,rural,Late,0,0,0,0,0,0,0,0,0
AS050,50,Toronto,1,43.702158,-79.543737,8.73,urban,Early,2,0,0,0,0,0,0,0,5
AS050,50,Toronto,2,43.702158,-79.543737,8.73,urban,Early,5,0,0,0,0,0,0,0,4
AS050,50,Toronto,3,43.702158,-79.543737,8.73,urban,Early,1,0,0,0,0,0,0,0,1
AS050,50,Toronto,4,43.702158,-79.543737,8.73,urban,Early,3,0,0,0,0,0,0,0,0
AS050,50,Toronto,5,43.702158,-79.543737,8.73,urban,Early,0,0,0,0,0,0,0,0,0
AS050,50,Toronto,1,43.702158,-79.543737,8.73,urban,Late,5,0,0,0,0,0,0,0,1
AS050,50,Toronto,2,43.702158,-79.543737,8.73,urban,Late,0,0,0,0,0,0,0,0,13
AS050,50,Toronto,3,43.702158,-79.543737,8.73,urban,Late,0,0,0,0,0,0,0,0,4
AS050,50,Toronto,4,43.702158,-79.543737,8.73,urban,Late,0,0,0,0,0,0,0,0,3
AS050,50,Toronto,5,43.702158,-79.543737,8.73,urban,Late,0,0,0,0,0,0,0,0,3
AS051,51,Toronto,1,43.701032,-79.549473,8.97,urban,Early,9,0,0,0,0,0,0,1,2
AS051,51,Toronto,2,43.701032,-79.549473,8.97,urban,Early,3,0,0,0,0,0,0,1,1
AS051,51,Toronto,3,43.701032,-79.549473,8.97,urban,Early,5,0,0,0,0,0,0,1,0
AS051,51,Toronto,4,43.701032,-79.549473,8.97,urban,Early,1,0,0,0,0,0,0,0,5
AS051,51,Toronto,5,43.701032,-79.549473,8.97,urban,Early,1,0,0,0,0,0,0,0,4
AS051,51,Toronto,1,43.701032,-79.549473,8.97,urban,Late,0,0,0,0,0,0,2,0,8
AS051,51,Toronto,2,43.701032,-79.549473,8.97,urban,Late,0,0,0,0,0,0,0,1,0
AS051,51,Toronto,3,43.701032,-79.549473,8.97,urban,Late,0,0,0,0,0,0,0,0,3
AS051,51,Toronto,4,43.701032,-79.549473,8.97,urban,Late,0,0,10,0,0,0,0,0,3
AS051,51,Toronto,5,43.701032,-79.549473,8.97,urban,Late,0,0,0,0,0,0,0,0,9
AS052,52,Toronto,1,43.701432,-79.56251,9.6,urban,Early,2,0,0,0,0,0,0,0,2
AS052,52,Toronto,2,43.701432,-79.56251,9.6,urban,Early,0,0,0,0,0,0,0,0,2
AS052,52,Toronto,3,43.701432,-79.56251,9.6,urban,Early,1,0,0,0,0,0,0,0,1
AS052,52,Toronto,4,43.701432,-79.56251,9.6,urban,Early,0,0,0,0,0,0,0,0,0
AS052,52,Toronto,5,43.701432,-79.56251,9.6,urban,Early,0,0,0,0,0,0,0,0,3
AS052,52,Toronto,1,43.701432,-79.56251,9.6,urban,Late,0,0,0,0,0,0,0,0,0
AS052,52,Toronto,2,43.701432,-79.56251,9.6,urban,Late,0,0,0,0,0,0,0,0,0
AS052,52,Toronto,3,43.701432,-79.56251,9.6,urban,Late,0,0,0,0,0,0,0,0,1
AS052,52,Toronto,4,43.701432,-79.56251,9.6,urban,Late,0,0,0,0,0,0,0,0,0
AS052,52,Toronto,5,43.701432,-79.56251,9.6,urban,Late,0,0,0,0,0,0,0,1,6
AS053,53,Toronto,1,43.690086,-79.572325,9.85,urban,Early,0,0,0,0,0,0,0,0,0
AS053,53,Toronto,2,43.690086,-79.572325,9.85,urban,Early,0,0,0,0,0,0,0,0,0
AS053,53,Toronto,3,43.690086,-79.572325,9.85,urban,Early,0,0,0,0,0,0,0,0,1
AS053,53,Toronto,4,43.690086,-79.572325,9.85,urban,Early,0,0,0,0,0,0,0,0,1
AS053,53,Toronto,5,43.690086,-79.572325,9.85,urban,Early,0,0,0,0,0,0,0,0,0
AS053,53,Toronto,1,43.690086,-79.572325,9.85,urban,Late,0,0,0,0,0,0,0,0,0
AS053,53,Toronto,2,43.690086,-79.572325,9.85,urban,Late,0,0,0,0,0,0,0,0,3
AS053,53,Toronto,3,43.690086,-79.572325,9.85,urban,Late,0,0,0,0,0,0,0,0,2
AS053,53,Toronto,4,43.690086,-79.572325,9.85,urban,Late,0,0,0,0,0,0,0,0,0
AS053,53,Toronto,5,43.690086,-79.572325,9.85,urban,Late,1,0,0,0,0,0,0,0,7
AS054,54,Toronto,1,43.675131,-79.571575,9.62,urban,Early,2,0,0,0,0,0,0,0,0
AS054,54,Toronto,2,43.675131,-79.571575,9.62,urban,Early,0,0,0,0,0,0,0,0,2
AS054,54,Toronto,3,43.675131,-79.571575,9.62,urban,Early,1,0,0,0,0,0,0,0,2
AS054,54,Toronto,4,43.675131,-79.571575,9.62,urban,Early,0,0,0,0,0,0,0,0,0
AS054,54,Toronto,5,43.675131,-79.571575,9.62,urban,Early,0,0,0,0,0,0,0,0,0
AS054,54,Toronto,1,43.675131,-79.571575,9.62,urban,Late,2,0,0,0,0,0,0,0,9
AS054,54,Toronto,2,43.675131,-79.571575,9.62,urban,Late,0,0,0,0,0,0,0,0,2
AS054,54,Toronto,3,43.675131,-79.571575,9.62,urban,Late,0,0,0,0,0,0,0,0,0
AS054,54,Toronto,4,43.675131,-79.571575,9.62,urban,Late,0,0,0,0,0,0,0,0,4
AS054,54,Toronto,5,43.675131,-79.571575,9.62,urban,Late,0,0,0,0,0,0,0,0,0
AS055,55,Toronto,1,43.664067,-79.577284,9.83,urban,Early,3,0,0,0,0,0,0,0,0
AS055,55,Toronto,2,43.664067,-79.577284,9.83,urban,Early,1,0,0,0,0,0,0,0,0
AS055,55,Toronto,3,43.664067,-79.577284,9.83,urban,Early,2,0,0,0,0,0,0,0,0
AS055,55,Toronto,4,43.664067,-79.577284,9.83,urban,Early,3,0,0,0,0,0,0,0,0
AS055,55,Toronto,5,43.664067,-79.577284,9.83,urban,Early,2,0,0,0,0,0,0,0,0
AS055,55,Toronto,1,43.664067,-79.577284,9.83,urban,Late,1,0,0,0,0,0,0,0,6
AS055,55,Toronto,2,43.664067,-79.577284,9.83,urban,Late,0,0,0,0,0,0,0,0,0
AS055,55,Toronto,3,43.664067,-79.577284,9.83,urban,Late,0,0,0,0,0,0,0,0,19
AS055,55,Toronto,4,43.664067,-79.577284,9.83,urban,Late,0,0,0,0,0,0,0,0,0
AS055,55,Toronto,5,43.664067,-79.577284,9.83,urban,Late,0,0,0,0,0,0,0,0,0
AS056,56,Toronto,1,43.32296,-80.038276,40.2,rural,Early,0,0,0,0,0,0,0,0,0
AS056,56,Toronto,2,43.32296,-80.038276,40.2,rural,Early,1,0,0,0,0,0,0,0,0
AS056,56,Toronto,3,43.32296,-80.038276,40.2,rural,Early,1,0,0,0,0,0,0,0,0
AS056,56,Toronto,4,43.32296,-80.038276,40.2,rural,Early,1,0,0,0,0,0,0,0,0
AS056,56,Toronto,5,43.32296,-80.038276,40.2,rural,Early,0,0,0,0,0,0,0,0,0
AS056,56,Toronto,1,43.32296,-80.038276,40.2,rural,Late,1,0,0,0,0,0,0,0,0
AS056,56,Toronto,2,43.32296,-80.038276,40.2,rural,Late,0,0,0,0,0,0,0,0,1
AS056,56,Toronto,3,43.32296,-80.038276,40.2,rural,Late,0,0,0,0,0,0,0,0,0
AS056,56,Toronto,4,43.32296,-80.038276,40.2,rural,Late,0,0,0,0,0,0,0,0,0
AS056,56,Toronto,5,43.32296,-80.038276,40.2,rural,Late,0,0,0,0,0,0,0,0,0
AS057,57,Toronto,1,43.330042,-79.995566,38.18,rural,Early,0,0,0,0,0,0,0,0,0
AS057,57,Toronto,2,43.330042,-79.995566,38.18,rural,Early,0,0,0,0,0,0,0,0,7
AS057,57,Toronto,3,43.330042,-79.995566,38.18,rural,Early,0,0,0,0,0,0,0,0,0
AS057,57,Toronto,4,43.330042,-79.995566,38.18,rural,Early,0,0,0,0,0,0,0,0,0
AS057,57,Toronto,5,43.330042,-79.995566,38.18,rural,Early,0,0,0,0,0,0,0,0,0
AS057,57,Toronto,1,43.330042,-79.995566,38.18,rural,Late,0,0,0,0,0,0,0,0,0
AS057,57,Toronto,2,43.330042,-79.995566,38.18,rural,Late,0,0,0,0,0,0,0,0,2
AS057,57,Toronto,3,43.330042,-79.995566,38.18,rural,Late,1,0,0,0,0,0,0,0,0
AS057,57,Toronto,4,43.330042,-79.995566,38.18,rural,Late,0,0,0,0,0,0,0,0,0
AS057,57,Toronto,5,43.330042,-79.995566,38.18,rural,Late,0,0,0,0,0,0,0,0,0
AS058,58,Toronto,1,43.335538,-79.962974,36.64,rural,Early,0,0,0,0,0,0,0,0,0
AS058,58,Toronto,2,43.335538,-79.962974,36.64,rural,Early,0,0,0,0,0,0,0,0,0
AS058,58,Toronto,3,43.335538,-79.962974,36.64,rural,Early,0,0,0,0,0,0,0,0,0
AS058,58,Toronto,1,43.335538,-79.962974,36.64,rural,Late,2,0,0,0,0,0,0,0,0
AS058,58,Toronto,2,43.335538,-79.962974,36.64,rural,Late,2,0,20,0,0,0,0,0,1
AS058,58,Toronto,3,43.335538,-79.962974,36.64,rural,Late,1,0,0,0,0,0,0,0,0
AS058,58,Toronto,4,43.335538,-79.962974,36.64,rural,Late,1,0,0,0,0,0,0,1,0
AS058,58,Toronto,5,43.335538,-79.962974,36.64,rural,Late,5,0,2,0,0,0,0,0,0
AS059,59,Toronto,1,43.343046,-79.959704,36.19,rural,Early,0,0,0,0,0,0,0,0,2
AS059,59,Toronto,2,43.343046,-79.959704,36.19,rural,Early,0,0,0,0,0,0,0,0,1
AS059,59,Toronto,3,43.343046,-79.959704,36.19,rural,Early,0,0,0,0,0,0,0,0,0
AS059,59,Toronto,4,43.343046,-79.959704,36.19,rural,Early,0,0,0,0,0,0,0,0,0
AS059,59,Toronto,5,43.343046,-79.959704,36.19,rural,Early,0,0,0,0,0,0,0,0,0
AS059,59,Toronto,1,43.343046,-79.959704,36.19,rural,Late,0,0,0,0,0,0,0,0,0
AS059,59,Toronto,2,43.343046,-79.959704,36.19,rural,Late,0,0,0,0,0,0,0,0,1
AS059,59,Toronto,3,43.343046,-79.959704,36.19,rural,Late,0,0,0,0,0,0,0,0,3
AS059,59,Toronto,4,43.343046,-79.959704,36.19,rural,Late,0,0,0,0,0,0,0,0,0
AS059,59,Toronto,5,43.343046,-79.959704,36.19,rural,Late,0,0,0,0,0,0,0,0,4
AS060,60,Toronto,1,43.519441,-79.750471,20.77,rural,Early,0,0,0,0,0,0,0,0,0
AS060,60,Toronto,2,43.519441,-79.750471,20.77,rural,Early,0,0,0,0,0,0,0,0,1
AS060,60,Toronto,3,43.519441,-79.750471,20.77,rural,Early,0,0,0,0,0,0,0,0,0
AS060,60,Toronto,4,43.519441,-79.750471,20.77,rural,Early,0,0,0,0,0,0,0,0,0
AS060,60,Toronto,5,43.519441,-79.750471,20.77,rural,Early,0,0,0,0,0,0,0,0,0
AS060,60,Toronto,1,43.519441,-79.750471,20.77,rural,Late,0,1,0,0,0,0,0,0,0
AS060,60,Toronto,2,43.519441,-79.750471,20.77,rural,Late,0,0,0,0,0,0,0,0,2
AS060,60,Toronto,3,43.519441,-79.750471,20.77,rural,Late,0,0,0,0,1,0,0,0,0
AS060,60,Toronto,4,43.519441,-79.750471,20.77,rural,Late,0,0,0,0,0,0,0,0,1
AS060,60,Toronto,5,43.519441,-79.750471,20.77,rural,Late,0,0,0,0,2,0,0,2,0
AS062,62,Toronto,1,43.534939,-79.732912,19.51,urban,Early,0,0,0,0,0,0,0,0,0
AS062,62,Toronto,2,43.534939,-79.732912,19.51,urban,Early,0,0,0,0,0,0,0,0,0
AS062,62,Toronto,3,43.534939,-79.732912,19.51,urban,Early,0,0,0,0,0,0,0,0,0
AS062,62,Toronto,4,43.534939,-79.732912,19.51,urban,Early,0,0,0,0,0,0,0,0,0
AS062,62,Toronto,5,43.534939,-79.732912,19.51,urban,Early,0,0,0,0,0,0,0,0,0
AS062,62,Toronto,1,43.534939,-79.732912,19.51,urban,Late,0,0,0,0,0,0,0,0,0
AS062,62,Toronto,2,43.534939,-79.732912,19.51,urban,Late,0,0,0,0,0,0,0,0,1
AS062,62,Toronto,3,43.534939,-79.732912,19.51,urban,Late,0,0,0,0,0,0,0,1,2
AS062,62,Toronto,4,43.534939,-79.732912,19.51,urban,Late,0,0,0,0,0,0,0,0,3
AS062,62,Toronto,5,43.534939,-79.732912,19.51,urban,Late,0,0,0,0,0,0,0,0,2
AS063,63,Toronto,1,43.535065,-79.721652,19,urban,Early,0,0,0,0,0,0,0,0,0
AS063,63,Toronto,2,43.535065,-79.721652,19,urban,Early,0,0,0,0,0,0,0,0,0
AS063,63,Toronto,3,43.535065,-79.721652,19,urban,Early,1,0,0,0,0,0,0,0,1
AS063,63,Toronto,4,43.535065,-79.721652,19,urban,Early,2,0,0,0,0,0,0,0,1
AS063,63,Toronto,5,43.535065,-79.721652,19,urban,Early,0,0,0,0,0,0,0,0,0
AS063,63,Toronto,1,43.535065,-79.721652,19,urban,Late,0,0,0,0,0,0,0,0,0
AS063,63,Toronto,2,43.535065,-79.721652,19,urban,Late,0,0,0,0,0,0,0,0,0
AS063,63,Toronto,3,43.535065,-79.721652,19,urban,Late,0,0,0,0,0,0,0,0,0
AS063,63,Toronto,4,43.535065,-79.721652,19,urban,Late,0,0,0,0,0,0,0,0,0
AS063,63,Toronto,5,43.535065,-79.721652,19,urban,Late,0,0,0,0,0,0,0,0,0
AS064,64,Toronto,1,43.669676,-79.422881,2.29,urban,Early,0,0,1200,0,0,0,0,0,0
AS064,64,Toronto,2,43.669676,-79.422881,2.29,urban,Early,0,0,125,0,0,0,0,0,0
AS064,64,Toronto,3,43.669676,-79.422881,2.29,urban,Early,0,0,65,0,0,0,0,0,0
AS064,64,Toronto,4,43.669676,-79.422881,2.29,urban,Early,0,0,75,0,0,0,0,0,0
AS064,64,Toronto,5,43.669676,-79.422881,2.29,urban,Early,0,0,1300,0,0,0,0,0,0
AS064,64,Toronto,1,43.669676,-79.422881,2.29,urban,Late,0,0,1000,0,0,0,0,0,1
AS064,64,Toronto,2,43.669676,-79.422881,2.29,urban,Late,1,0,450,0,0,0,0,0,0
AS064,64,Toronto,3,43.669676,-79.422881,2.29,urban,Late,0,0,200,0,0,0,0,0,4
AS064,64,Toronto,4,43.669676,-79.422881,2.29,urban,Late,0,0,800,0,0,0,0,0,0
AS064,64,Toronto,5,43.669676,-79.422881,2.29,urban,Late,0,0,150,0,0,0,0,0,3
AS065,65,Toronto,1,43.680726,-79.411251,2.27,urban,Early,0,0,0,0,0,0,0,0,0
AS065,65,Toronto,2,43.680726,-79.411251,2.27,urban,Early,0,0,0,0,0,0,0,0,0
AS066,66,Toronto,1,43.691138,-79.427943,3.36,urban,Early,0,0,0,0,0,0,0,0,0
AS066,66,Toronto,2,43.691138,-79.427943,3.36,urban,Early,0,0,0,0,0,0,0,0,0
AS066,66,Toronto,3,43.691138,-79.427943,3.36,urban,Early,0,0,0,0,0,0,0,0,0
AS066,66,Toronto,4,43.691138,-79.427943,3.36,urban,Early,0,0,0,0,0,0,0,0,0
AS066,66,Toronto,5,43.691138,-79.427943,3.36,urban,Early,0,0,0,0,0,0,0,0,0
AS066,66,Toronto,1,43.691138,-79.427943,3.36,urban,Late,0,0,0,0,0,0,0,0,4
AS066,66,Toronto,2,43.691138,-79.427943,3.36,urban,Late,2,0,0,0,0,0,0,0,0
AS066,66,Toronto,3,43.691138,-79.427943,3.36,urban,Late,0,0,0,0,0,0,0,0,0
AS066,66,Toronto,4,43.691138,-79.427943,3.36,urban,Late,0,0,0,0,0,0,0,0,0
AS066,66,Toronto,5,43.691138,-79.427943,3.36,urban,Late,0,0,0,0,0,0,0,0,0
AS067,67,Toronto,1,43.67876,-79.431977,2.99,urban,Early,2,0,0,0,0,0,0,0,0
AS067,67,Toronto,2,43.67876,-79.431977,2.99,urban,Early,0,0,0,0,0,0,0,0,0
AS067,67,Toronto,3,43.67876,-79.431977,2.99,urban,Early,1,0,6,0,0,0,0,0,1
AS067,67,Toronto,4,43.67876,-79.431977,2.99,urban,Early,0,0,0,0,0,0,0,0,1
AS067,67,Toronto,5,43.67876,-79.431977,2.99,urban,Early,0,0,0,0,0,0,0,0,0
AS067,67,Toronto,1,43.67876,-79.431977,2.99,urban,Late,0,0,0,0,0,0,0,0,5
AS067,67,Toronto,2,43.67876,-79.431977,2.99,urban,Late,1,0,0,0,0,0,0,0,6
AS067,67,Toronto,3,43.67876,-79.431977,2.99,urban,Late,0,0,0,0,0,0,0,0,3
AS067,67,Toronto,4,43.67876,-79.431977,2.99,urban,Late,0,0,0,0,0,0,0,0,3
AS067,67,Toronto,5,43.67876,-79.431977,2.99,urban,Late,0,0,0,0,0,0,0,0,8
AS069,69,Toronto,1,43.671068,-79.452408,3.72,urban,Early,0,0,0,0,0,0,0,1,0
AS069,69,Toronto,2,43.671068,-79.452408,3.72,urban,Early,0,0,0,0,0,0,0,0,0
AS069,69,Toronto,3,43.671068,-79.452408,3.72,urban,Early,0,0,0,0,0,0,0,0,0
AS069,69,Toronto,4,43.671068,-79.452408,3.72,urban,Early,0,0,0,25,0,0,0,0,0
AS069,69,Toronto,5,43.671068,-79.452408,3.72,urban,Early,0,0,0,0,0,0,0,0,0
AS069,69,Toronto,1,43.671068,-79.452408,3.72,urban,Late,0,0,0,0,0,0,0,0,0
AS069,69,Toronto,2,43.671068,-79.452408,3.72,urban,Late,0,0,0,0,0,0,0,4,2
AS069,69,Toronto,3,43.671068,-79.452408,3.72,urban,Late,0,0,0,0,0,0,0,0,1
AS069,69,Toronto,4,43.671068,-79.452408,3.72,urban,Late,0,0,0,0,0,0,0,0,1
AS069,69,Toronto,5,43.671068,-79.452408,3.72,urban,Late,0,0,0,0,0,0,0,0,0
AS070,70,Toronto,1,43.67024,-79.462135,4.17,urban,Early,0,0,0,0,0,0,0,0,0
AS070,70,Toronto,2,43.67024,-79.462135,4.17,urban,Early,0,0,0,0,0,0,0,0,0
AS070,70,Toronto,3,43.67024,-79.462135,4.17,urban,Early,0,0,0,0,0,0,0,0,1
AS070,70,Toronto,4,43.67024,-79.462135,4.17,urban,Early,0,0,0,0,0,0,0,0,0
AS070,70,Toronto,5,43.67024,-79.462135,4.17,urban,Early,0,0,0,0,0,0,0,0,0
AS070,70,Toronto,1,43.67024,-79.462135,4.17,urban,Late,0,0,0,0,0,0,0,0,0
AS070,70,Toronto,2,43.67024,-79.462135,4.17,urban,Late,0,0,0,0,0,0,0,0,0
AS070,70,Toronto,3,43.67024,-79.462135,4.17,urban,Late,1,0,1,0,0,0,0,1,0
AS070,70,Toronto,4,43.67024,-79.462135,4.17,urban,Late,0,0,0,0,0,0,0,0,0
AS070,70,Toronto,5,43.67024,-79.462135,4.17,urban,Late,1,0,0,0,0,0,0,0,5
AS071,71,Toronto,1,43.671812,-79.474258,4.79,urban,Early,1,0,0,0,0,0,0,0,0
AS071,71,Toronto,2,43.671812,-79.474258,4.79,urban,Early,0,0,0,21,0,0,0,0,0
AS071,71,Toronto,3,43.671812,-79.474258,4.79,urban,Early,0,0,0,0,0,0,0,0,0
AS071,71,Toronto,4,43.671812,-79.474258,4.79,urban,Early,4,0,0,0,0,0,0,0,0
AS071,71,Toronto,5,43.671812,-79.474258,4.79,urban,Early,0,0,0,0,0,0,0,0,0
AS072,72,Toronto,1,43.670454,-79.482484,5.17,urban,Early,0,0,0,0,0,0,0,0,1
AS072,72,Toronto,2,43.670454,-79.482484,5.17,urban,Early,0,0,0,0,0,0,0,0,1
AS072,72,Toronto,3,43.670454,-79.482484,5.17,urban,Early,1,0,0,0,0,0,0,0,2
AS072,72,Toronto,4,43.670454,-79.482484,5.17,urban,Early,0,0,0,0,0,0,0,0,0
AS072,72,Toronto,5,43.670454,-79.482484,5.17,urban,Early,0,0,0,0,0,0,0,1,0
AS072,72,Toronto,1,43.670454,-79.482484,5.17,urban,Late,1,0,0,0,0,0,0,0,7
AS072,72,Toronto,2,43.670454,-79.482484,5.17,urban,Late,0,0,0,0,0,0,0,0,2
AS072,72,Toronto,3,43.670454,-79.482484,5.17,urban,Late,0,0,0,0,0,0,0,0,15
AS072,72,Toronto,4,43.670454,-79.482484,5.17,urban,Late,0,0,0,0,0,0,0,0,2
AS072,72,Toronto,5,43.670454,-79.482484,5.17,urban,Late,1,0,10,0,0,0,0,1,0
AS073,73,Toronto,1,43.646988,-79.583587,10.15,urban,Early,8,0,0,0,0,0,0,0,0
AS073,73,Toronto,2,43.646988,-79.583587,10.15,urban,Early,7,0,0,0,0,0,0,0,0
AS073,73,Toronto,3,43.646988,-79.583587,10.15,urban,Early,9,0,82,0,0,0,0,0,0
AS073,73,Toronto,4,43.646988,-79.583587,10.15,urban,Early,5,0,0,0,0,0,0,0,0
AS073,73,Toronto,5,43.646988,-79.583587,10.15,urban,Early,13,0,0,0,0,0,0,0,0
AS073,73,Toronto,1,43.646988,-79.583587,10.15,urban,Late,0,0,0,0,0,0,0,0,4
AS073,73,Toronto,2,43.646988,-79.583587,10.15,urban,Late,0,0,200,0,0,0,0,0,5
AS073,73,Toronto,3,43.646988,-79.583587,10.15,urban,Late,0,0,0,0,0,0,0,0,3
AS073,73,Toronto,4,43.646988,-79.583587,10.15,urban,Late,0,0,50,0,0,0,0,0,0
AS073,73,Toronto,5,43.646988,-79.583587,10.15,urban,Late,1,0,0,0,0,0,0,0,4
AS074,74,Toronto,1,43.654607,-79.607519,11.33,urban,Early,0,0,0,0,0,0,0,1,2
AS074,74,Toronto,2,43.654607,-79.607519,11.33,urban,Early,1,0,0,0,0,0,0,0,1
AS074,74,Toronto,3,43.654607,-79.607519,11.33,urban,Early,1,0,0,0,0,0,0,0,2
AS074,74,Toronto,4,43.654607,-79.607519,11.33,urban,Early,0,0,0,0,0,0,0,1,1
AS074,74,Toronto,5,43.654607,-79.607519,11.33,urban,Early,2,0,0,0,0,0,0,0,2
AS074,74,Toronto,1,43.654607,-79.607519,11.33,urban,Late,0,0,0,0,0,0,0,0,15
AS074,74,Toronto,2,43.654607,-79.607519,11.33,urban,Late,0,0,0,0,0,0,0,0,1
AS074,74,Toronto,3,43.654607,-79.607519,11.33,urban,Late,0,0,0,0,0,0,0,0,1
AS074,74,Toronto,4,43.654607,-79.607519,11.33,urban,Late,0,0,0,0,0,0,0,0,0
AS074,74,Toronto,5,43.654607,-79.607519,11.33,urban,Late,0,0,0,0,0,0,0,0,0
AS075,75,Toronto,1,43.651476,-79.617876,11.85,urban,Early,0,0,0,0,0,0,0,0,0
AS075,75,Toronto,2,43.651476,-79.617876,11.85,urban,Early,0,0,0,0,0,0,0,0,0
AS075,75,Toronto,3,43.651476,-79.617876,11.85,urban,Early,0,0,0,0,0,0,0,0,0
AS075,75,Toronto,4,43.651476,-79.617876,11.85,urban,Early,2,1,0,0,0,0,0,0,0
AS075,75,Toronto,5,43.651476,-79.617876,11.85,urban,Early,0,0,0,0,0,0,0,0,0
AS075,75,Toronto,1,43.651476,-79.617876,11.85,urban,Late,0,0,0,0,0,0,0,0,1
AS075,75,Toronto,2,43.651476,-79.617876,11.85,urban,Late,0,0,0,0,0,0,0,0,2
AS075,75,Toronto,3,43.651476,-79.617876,11.85,urban,Late,0,0,0,0,0,0,0,0,0
AS075,75,Toronto,4,43.651476,-79.617876,11.85,urban,Late,0,0,0,0,0,0,0,0,3
AS075,75,Toronto,5,43.651476,-79.617876,11.85,urban,Late,0,0,0,0,0,0,0,0,0
AS076,76,Toronto,1,43.63776,-79.635241,12.78,urban,Early,0,0,100,0,0,0,0,0,0
AS076,76,Toronto,2,43.63776,-79.635241,12.78,urban,Early,0,0,0,0,0,0,0,0,0
AS076,76,Toronto,3,43.63776,-79.635241,12.78,urban,Early,2,0,0,0,0,0,0,0,0
AS076,76,Toronto,4,43.63776,-79.635241,12.78,urban,Early,0,0,0,0,0,0,0,0,0
AS076,76,Toronto,5,43.63776,-79.635241,12.78,urban,Early,0,0,0,0,0,0,0,1,0
AS076,76,Toronto,1,43.63776,-79.635241,12.78,urban,Late,1,0,0,0,0,0,0,0,3
AS076,76,Toronto,2,43.63776,-79.635241,12.78,urban,Late,0,0,0,0,0,0,0,0,1
AS076,76,Toronto,3,43.63776,-79.635241,12.78,urban,Late,0,0,0,0,0,0,0,0,6
AS076,76,Toronto,4,43.63776,-79.635241,12.78,urban,Late,0,0,0,0,0,0,0,0,6
AS076,76,Toronto,5,43.63776,-79.635241,12.78,urban,Late,0,0,0,0,0,0,0,0,2
AS077,77,Toronto,1,43.628807,-79.652009,13.69,urban,Early,3,0,0,0,0,0,0,0,1
AS077,77,Toronto,2,43.628807,-79.652009,13.69,urban,Early,0,0,0,0,0,0,0,1,0
AS077,77,Toronto,3,43.628807,-79.652009,13.69,urban,Early,0,0,0,0,0,0,0,4,0
AS077,77,Toronto,4,43.628807,-79.652009,13.69,urban,Early,1,0,0,0,0,0,0,0,2
AS077,77,Toronto,5,43.628807,-79.652009,13.69,urban,Early,0,0,0,0,0,0,0,0,0
AS077,77,Toronto,1,43.628807,-79.652009,13.69,urban,Late,0,0,0,0,0,0,0,0,1
AS077,77,Toronto,2,43.628807,-79.652009,13.69,urban,Late,0,0,0,0,0,0,0,0,2
AS077,77,Toronto,3,43.628807,-79.652009,13.69,urban,Late,0,0,0,0,0,0,0,0,0
AS077,77,Toronto,4,43.628807,-79.652009,13.69,urban,Late,0,0,0,0,0,0,0,0,1
AS077,77,Toronto,5,43.628807,-79.652009,13.69,urban,Late,0,0,0,0,0,0,0,0,7
AS079,79,Toronto,1,43.618104,-79.701542,16.25,urban,Early,1,1,0,0,0,0,0,0,1
AS079,79,Toronto,2,43.618104,-79.701542,16.25,urban,Early,1,0,0,0,0,0,0,0,1
AS079,79,Toronto,3,43.618104,-79.701542,16.25,urban,Early,0,0,0,0,0,0,0,0,1
AS079,79,Toronto,4,43.618104,-79.701542,16.25,urban,Early,0,0,0,0,0,0,0,2,0
AS079,79,Toronto,5,43.618104,-79.701542,16.25,urban,Early,0,0,0,0,0,0,0,0,0
AS079,79,Toronto,1,43.618104,-79.701542,16.25,urban,Late,0,0,0,0,0,0,0,0,7
AS079,79,Toronto,2,43.618104,-79.701542,16.25,urban,Late,0,0,0,0,0,0,0,0,0
AS079,79,Toronto,3,43.618104,-79.701542,16.25,urban,Late,0,0,0,0,0,0,0,1,0
AS079,79,Toronto,4,43.618104,-79.701542,16.25,urban,Late,0,0,0,0,0,0,0,0,0
AS079,79,Toronto,5,43.618104,-79.701542,16.25,urban,Late,0,0,0,0,0,0,0,0,0
AS080,80,Toronto,1,43.613475,-79.705867,16.52,urban,Early,6,0,0,0,0,0,0,0,6
AS080,80,Toronto,2,43.613475,-79.705867,16.52,urban,Early,1,0,0,0,0,0,0,0,5
AS080,80,Toronto,3,43.613475,-79.705867,16.52,urban,Early,2,0,0,0,0,0,0,0,6
AS080,80,Toronto,4,43.613475,-79.705867,16.52,urban,Early,2,0,0,0,0,0,0,0,0
AS080,80,Toronto,5,43.613475,-79.705867,16.52,urban,Early,3,0,7,0,0,0,0,0,0
AS080,80,Toronto,1,43.613475,-79.705867,16.52,urban,Late,0,0,0,0,0,0,0,0,21
AS080,80,Toronto,2,43.613475,-79.705867,16.52,urban,Late,0,0,0,0,0,0,0,0,12
AS080,80,Toronto,3,43.613475,-79.705867,16.52,urban,Late,0,0,0,0,0,0,0,0,3
AS080,80,Toronto,4,43.613475,-79.705867,16.52,urban,Late,0,0,0,0,0,0,0,0,1
AS080,80,Toronto,5,43.613475,-79.705867,16.52,urban,Late,1,0,0,0,0,0,0,0,3
AS081,81,Toronto,1,43.595802,-79.719547,17.45,urban,Early,0,0,0,0,0,0,0,0,0
AS081,81,Toronto,2,43.595802,-79.719547,17.45,urban,Early,0,0,0,0,0,0,0,0,2
AS081,81,Toronto,3,43.595802,-79.719547,17.45,urban,Early,1,0,0,0,0,0,0,0,1
AS081,81,Toronto,4,43.595802,-79.719547,17.45,urban,Early,0,0,0,0,0,0,0,0,1
AS081,81,Toronto,5,43.595802,-79.719547,17.45,urban,Early,1,0,0,0,0,0,0,1,0
AS081,81,Toronto,1,43.595802,-79.719547,17.45,urban,Late,0,0,0,0,0,0,0,0,0
AS081,81,Toronto,2,43.595802,-79.719547,17.45,urban,Late,0,0,3,0,0,0,0,0,1
AS081,81,Toronto,3,43.595802,-79.719547,17.45,urban,Late,1,0,0,0,0,0,0,1,0
AS081,81,Toronto,4,43.595802,-79.719547,17.45,urban,Late,2,0,0,0,0,0,0,0,1
AS081,81,Toronto,5,43.595802,-79.719547,17.45,urban,Late,0,0,0,0,0,0,0,0,0
AS082,82,Toronto,1,43.553597,-79.699608,17.45,urban,Early,1,0,0,0,0,0,0,0,0
AS082,82,Toronto,2,43.553597,-79.699608,17.45,urban,Early,0,0,0,0,0,0,0,0,0
AS082,82,Toronto,3,43.553597,-79.699608,17.45,urban,Early,0,0,0,0,0,0,0,0,0
AS082,82,Toronto,4,43.553597,-79.699608,17.45,urban,Early,0,0,0,0,0,0,0,0,0
AS082,82,Toronto,5,43.553597,-79.699608,17.45,urban,Early,0,0,0,0,0,0,0,0,0
AS082,82,Toronto,1,43.553597,-79.699608,17.45,urban,Late,0,0,0,0,0,0,0,0,0
AS082,82,Toronto,2,43.553597,-79.699608,17.45,urban,Late,0,0,0,0,0,0,0,0,0
AS082,82,Toronto,3,43.553597,-79.699608,17.45,urban,Late,0,0,0,0,0,0,0,0,4
AS082,82,Toronto,4,43.553597,-79.699608,17.45,urban,Late,0,0,0,0,0,0,0,0,0
AS082,82,Toronto,5,43.553597,-79.699608,17.45,urban,Late,0,0,0,0,0,0,0,1,0
AS083,83,Toronto,1,43.571026,-79.733337,18.59,urban,Early,0,0,0,0,0,0,0,0,0
AS083,83,Toronto,2,43.571026,-79.733337,18.59,urban,Early,1,0,0,0,0,0,0,0,0
AS083,83,Toronto,3,43.571026,-79.733337,18.59,urban,Early,1,0,0,0,0,0,0,0,0
AS083,83,Toronto,4,43.571026,-79.733337,18.59,urban,Early,2,0,0,0,0,0,0,0,0
AS083,83,Toronto,5,43.571026,-79.733337,18.59,urban,Early,0,0,0,0,0,0,0,0,0
AS083,83,Toronto,1,43.571026,-79.733337,18.59,urban,Late,0,0,0,0,0,0,0,0,2
AS084,84,Toronto,1,43.564655,-79.720469,18.13,urban,Early,0,0,0,0,0,0,0,0,0
AS084,84,Toronto,2,43.564655,-79.720469,18.13,urban,Early,0,0,0,0,0,0,0,0,0
AS084,84,Toronto,3,43.564655,-79.720469,18.13,urban,Early,0,0,0,0,0,0,0,0,0
AS084,84,Toronto,4,43.564655,-79.720469,18.13,urban,Early,0,0,0,0,0,0,0,0,0
AS084,84,Toronto,5,43.564655,-79.720469,18.13,urban,Early,0,0,0,0,0,0,0,0,0
AS084,84,Toronto,1,43.564655,-79.720469,18.13,urban,Late,0,0,0,0,0,0,0,0,0
AS084,84,Toronto,2,43.564655,-79.720469,18.13,urban,Late,0,0,0,0,0,0,0,0,0
AS085,85,Toronto,1,43.5789,-79.713398,17.47,urban,Early,0,0,0,0,0,0,0,0,2
AS085,85,Toronto,2,43.5789,-79.713398,17.47,urban,Early,2,0,0,0,0,0,0,0,0
AS085,85,Toronto,3,43.5789,-79.713398,17.47,urban,Early,1,0,0,0,0,0,0,0,0
AS085,85,Toronto,4,43.5789,-79.713398,17.47,urban,Early,0,0,0,0,0,0,0,0,1
AS085,85,Toronto,5,43.5789,-79.713398,17.47,urban,Early,0,0,0,0,0,0,0,0,0
AS085,85,Toronto,1,43.5789,-79.713398,17.47,urban,Late,1,0,400,0,0,0,0,0,0
AS085,85,Toronto,2,43.5789,-79.713398,17.47,urban,Late,0,0,0,0,0,0,0,0,1
AS085,85,Toronto,3,43.5789,-79.713398,17.47,urban,Late,1,0,300,0,0,0,0,0,2
AS085,85,Toronto,4,43.5789,-79.713398,17.47,urban,Late,0,0,0,0,0,0,0,0,0
AS085,85,Toronto,5,43.5789,-79.713398,17.47,urban,Late,1,0,50,0,0,0,0,0,2
AS086,86,Toronto,1,43.554564,-79.756834,20.08,rural,Early,0,0,0,0,0,0,0,0,0
AS086,86,Toronto,2,43.554564,-79.756834,20.08,rural,Early,0,0,0,0,0,0,0,0,0
AS086,86,Toronto,3,43.554564,-79.756834,20.08,rural,Early,0,0,0,0,0,0,0,0,0
AS086,86,Toronto,4,43.554564,-79.756834,20.08,rural,Early,0,0,0,0,0,0,0,0,0
AS086,86,Toronto,5,43.554564,-79.756834,20.08,rural,Early,0,0,0,0,0,0,0,0,0
AS086,86,Toronto,1,43.554564,-79.756834,20.08,rural,Late,0,0,0,0,0,0,0,0,2
AS086,86,Toronto,2,43.554564,-79.756834,20.08,rural,Late,0,0,0,0,0,0,0,0,0
AS086,86,Toronto,3,43.554564,-79.756834,20.08,rural,Late,0,0,0,0,0,0,0,0,4
AS086,86,Toronto,4,43.554564,-79.756834,20.08,rural,Late,0,0,0,0,0,0,0,0,0
AS086,86,Toronto,5,43.554564,-79.756834,20.08,rural,Late,0,0,0,0,0,0,0,0,1
AS087,87,Toronto,1,43.568721,-79.651832,14.84,urban,Early,0,0,0,0,0,0,0,0,0
AS087,87,Toronto,2,43.568721,-79.651832,14.84,urban,Early,0,0,0,0,0,0,0,0,0
AS087,87,Toronto,3,43.568721,-79.651832,14.84,urban,Early,0,0,0,0,0,0,0,0,1
AS087,87,Toronto,4,43.568721,-79.651832,14.84,urban,Early,0,0,0,0,0,0,0,0,1
AS087,87,Toronto,5,43.568721,-79.651832,14.84,urban,Early,0,0,0,0,0,0,0,0,0
AS087,87,Toronto,1,43.568721,-79.651832,14.84,urban,Late,1,0,0,0,0,0,0,0,1
AS087,87,Toronto,2,43.568721,-79.651832,14.84,urban,Late,0,0,0,0,0,0,0,0,0
AS087,87,Toronto,3,43.568721,-79.651832,14.84,urban,Late,0,0,0,0,0,0,0,0,0
AS087,87,Toronto,4,43.568721,-79.651832,14.84,urban,Late,0,0,0,0,0,0,0,0,5
AS087,87,Toronto,5,43.568721,-79.651832,14.84,urban,Late,0,0,0,0,0,0,0,0,3
AS088,88,Toronto,1,43.573691,-79.63648,14,urban,Early,1,0,0,0,0,0,0,0,0
AS088,88,Toronto,2,43.573691,-79.63648,14,urban,Early,3,0,0,0,0,0,0,0,0
AS088,88,Toronto,3,43.573691,-79.63648,14,urban,Early,1,0,0,0,0,0,0,0,0
AS088,88,Toronto,4,43.573691,-79.63648,14,urban,Early,0,0,0,0,0,0,0,0,0
AS088,88,Toronto,5,43.573691,-79.63648,14,urban,Early,1,0,0,0,0,0,0,0,0
AS089,89,Toronto,1,43.579335,-79.630017,13.55,urban,Early,0,0,0,0,0,0,0,0,0
AS089,89,Toronto,2,43.579335,-79.630017,13.55,urban,Early,0,0,0,0,0,0,0,0,0
AS089,89,Toronto,3,43.579335,-79.630017,13.55,urban,Early,0,0,0,0,0,0,0,0,0
AS089,89,Toronto,4,43.579335,-79.630017,13.55,urban,Early,0,0,0,0,0,0,0,0,0
AS089,89,Toronto,5,43.579335,-79.630017,13.55,urban,Early,1,0,0,0,0,0,0,0,0
AS089,89,Toronto,1,43.579335,-79.630017,13.55,urban,Late,0,0,400,0,0,0,0,0,0
AS089,89,Toronto,2,43.579335,-79.630017,13.55,urban,Late,0,0,200,0,0,0,0,0,0
AS089,89,Toronto,3,43.579335,-79.630017,13.55,urban,Late,0,0,50,0,0,0,0,0,0
AS089,89,Toronto,4,43.579335,-79.630017,13.55,urban,Late,1,0,10,0,0,0,0,0,0
AS091,91,Toronto,1,43.591194,-79.608405,12.24,urban,Early,0,0,0,0,0,0,0,0,0
AS091,91,Toronto,2,43.591194,-79.608405,12.24,urban,Early,0,0,0,0,0,0,0,0,0
AS091,91,Toronto,3,43.591194,-79.608405,12.24,urban,Early,0,0,0,0,0,0,0,0,0
AS091,91,Toronto,4,43.591194,-79.608405,12.24,urban,Early,0,0,0,0,0,0,0,0,0
AS091,91,Toronto,5,43.591194,-79.608405,12.24,urban,Early,0,0,0,0,0,0,0,0,0
AS092,92,Toronto,1,43.601609,-79.583684,10.82,urban,Early,0,0,0,0,0,0,0,0,0
AS092,92,Toronto,2,43.601609,-79.583684,10.82,urban,Early,0,0,0,0,0,0,0,0,0
AS092,92,Toronto,3,43.601609,-79.583684,10.82,urban,Early,0,0,0,0,0,0,0,0,0
AS092,92,Toronto,4,43.601609,-79.583684,10.82,urban,Early,0,0,0,0,0,0,0,0,0
AS092,92,Toronto,5,43.601609,-79.583684,10.82,urban,Early,0,0,0,0,0,0,0,0,0
AS092,92,Toronto,1,43.601609,-79.583684,10.82,urban,Late,0,0,0,0,0,0,0,0,0
AS092,92,Toronto,2,43.601609,-79.583684,10.82,urban,Late,1,0,0,0,0,0,0,0,3
AS092,92,Toronto,3,43.601609,-79.583684,10.82,urban,Late,0,0,0,0,0,0,0,0,0
AS092,92,Toronto,4,43.601609,-79.583684,10.82,urban,Late,0,0,0,0,0,0,0,0,1
AS092,92,Toronto,5,43.601609,-79.583684,10.82,urban,Late,0,0,0,0,0,0,0,0,1
AS093,93,Toronto,1,43.633829,-79.553119,8.75,urban,Early,0,0,0,0,0,0,0,0,0
AS093,93,Toronto,2,43.633829,-79.553119,8.75,urban,Early,0,0,0,0,0,0,0,0,0
AS093,93,Toronto,1,43.633829,-79.553119,8.75,urban,Late,3,0,0,0,0,0,0,0,15
AS093,93,Toronto,2,43.633829,-79.553119,8.75,urban,Late,1,0,0,0,0,0,0,0,6
AS094,94,Toronto,1,43.516263,-79.77922,22.16,rural,Early,0,0,0,0,0,0,0,0,0
AS094,94,Toronto,2,43.516263,-79.77922,22.16,rural,Early,0,0,0,0,0,0,0,0,0
AS094,94,Toronto,3,43.516263,-79.77922,22.16,rural,Early,0,0,0,0,0,0,0,0,0
AS094,94,Toronto,4,43.516263,-79.77922,22.16,rural,Early,0,0,0,0,0,0,0,0,0
AS094,94,Toronto,5,43.516263,-79.77922,22.16,rural,Early,0,0,0,0,0,0,0,0,0
AS094,94,Toronto,1,43.516135,-79.721871,22.16,rural,Late,0,0,0,0,0,0,0,0,1
AS094,94,Toronto,2,43.516135,-79.721871,22.16,rural,Late,0,0,0,0,0,0,0,2,0
AS094,94,Toronto,3,43.516135,-79.721871,22.16,rural,Late,1,0,0,0,0,0,0,0,0
AS094,94,Toronto,4,43.516135,-79.721871,22.16,rural,Late,0,0,0,0,0,0,0,0,0
AS094,94,Toronto,5,43.516135,-79.721871,22.16,rural,Late,1,0,0,0,0,0,0,3,12
B1,95,Brantford,1,43.114282,-80.328268,3.76,rural,Early,0,0,0,0,0,0,0,0,0
B1,95,Brantford,2,43.114282,-80.328268,3.76,rural,Early,0,0,0,0,0,0,0,0,0
B1,95,Brantford,3,43.114282,-80.328268,3.76,rural,Early,1,0,0,0,0,0,0,0,2
B1,95,Brantford,4,43.114282,-80.328268,3.76,rural,Early,0,0,0,0,0,0,0,0,0
B1,95,Brantford,5,43.114282,-80.328268,3.76,rural,Early,2,0,0,0,0,0,0,0,2
B1,95,Brantford,1,43.114282,-80.328268,3.76,rural,Late,0,0,0,0,0,0,0,0,0
B1,95,Brantford,2,43.114282,-80.328268,3.76,rural,Late,0,0,0,0,0,0,0,0,0
B1,95,Brantford,3,43.114282,-80.328268,3.76,rural,Late,0,0,0,0,0,0,0,0,0
B1,95,Brantford,4,43.114282,-80.328268,3.76,rural,Late,0,0,0,0,0,0,0,0,0
B1,95,Brantford,5,43.114282,-80.328268,3.76,rural,Late,0,0,0,0,0,0,0,0,0
B10,96,Brantford,1,43.196405,-80.198408,5.04,rural,Early,3,0,10,0,0,0,0,0,0
B10,96,Brantford,2,43.196405,-80.198408,5.04,rural,Early,1,0,0,0,0,0,0,0,0
B10,96,Brantford,3,43.196405,-80.198408,5.04,rural,Early,0,0,0,0,0,0,0,0,1
B10,96,Brantford,4,43.196405,-80.198408,5.04,rural,Early,3,0,0,0,0,0,0,0,3
B10,96,Brantford,5,43.196405,-80.198408,5.04,rural,Early,2,0,0,0,0,0,0,0,1
B10,96,Brantford,1,43.196405,-80.198408,5.04,rural,Late,0,0,0,0,0,0,0,0,0
B10,96,Brantford,2,43.196405,-80.198408,5.04,rural,Late,0,0,0,0,0,0,0,0,0
B10,96,Brantford,3,43.196405,-80.198408,5.04,rural,Late,0,0,0,0,0,0,0,0,1
B10,96,Brantford,4,43.196405,-80.198408,5.04,rural,Late,0,0,0,0,0,0,0,0,0
B10,96,Brantford,5,43.196405,-80.198408,5.04,rural,Late,0,0,0,0,0,0,0,0,0
B11,97,Brantford,1,43.108108,-80.355258,5.16,rural,Early,4,0,0,0,0,0,0,0,0
B11,97,Brantford,2,43.108108,-80.355258,5.16,rural,Early,0,0,0,0,0,0,0,0,1
B11,97,Brantford,3,43.108108,-80.355258,5.16,rural,Early,0,0,0,0,0,0,0,0,0
B11,97,Brantford,4,43.108108,-80.355258,5.16,rural,Early,0,0,0,0,0,0,0,2,0
B11,97,Brantford,5,43.108108,-80.355258,5.16,rural,Early,0,0,0,0,0,0,0,0,0
B11,97,Brantford,1,43.108108,-80.355258,5.16,rural,Late,0,0,0,0,0,0,0,0,0
B11,97,Brantford,2,43.108108,-80.355258,5.16,rural,Late,0,0,0,0,0,0,0,0,9
B11,97,Brantford,3,43.108108,-80.355258,5.16,rural,Late,0,0,0,0,0,0,0,0,2
B11,97,Brantford,4,43.108108,-80.355258,5.16,rural,Late,0,0,0,0,0,0,0,0,0
B11,97,Brantford,5,43.108108,-80.355258,5.16,rural,Late,0,0,0,0,0,0,0,0,0
B4,98,Brantford,1,43.126148,-80.278978,1.29,urban,Early,4,0,0,0,0,0,0,0,0
B4,98,Brantford,2,43.126148,-80.278978,1.29,urban,Early,0,0,0,0,0,0,0,0,0
B4,98,Brantford,3,43.126148,-80.278978,1.29,urban,Early,0,0,0,0,0,0,0,0,0
B4,98,Brantford,4,43.126148,-80.278978,1.29,urban,Early,1,0,0,0,0,0,0,0,0
B4,98,Brantford,5,43.126148,-80.278978,1.29,urban,Early,0,0,0,0,0,0,0,0,0
B4,98,Brantford,1,43.126148,-80.278978,1.29,urban,Late,0,0,0,0,0,0,50,0,3
B4,98,Brantford,2,43.126148,-80.278978,1.29,urban,Late,0,0,0,0,0,0,0,0,1
B4,98,Brantford,3,43.126148,-80.278978,1.29,urban,Late,0,0,0,0,0,0,0,0,0
B4,98,Brantford,4,43.126148,-80.278978,1.29,urban,Late,0,0,0,0,0,0,0,0,4
B4,98,Brantford,5,43.126148,-80.278978,1.29,urban,Late,0,0,0,0,0,0,0,0,4
B6,99,Brantford,1,43.177989,-80.265461,2.57,urban,Early,3,0,0,0,0,0,0,0,20
B6,99,Brantford,2,43.177989,-80.265461,2.57,urban,Early,5,0,6,0,0,0,0,0,1
B6,99,Brantford,3,43.177989,-80.265461,2.57,urban,Early,0,0,26,0,0,0,0,0,2
B6,99,Brantford,4,43.177989,-80.265461,2.57,urban,Early,1,0,0,0,0,0,0,0,4
B6,99,Brantford,5,43.177989,-80.265461,2.57,urban,Early,2,0,33,0,0,0,0,0,11
B6,99,Brantford,1,43.177989,-80.265461,2.57,urban,Late,0,0,50,0,0,0,0,0,25
B6,99,Brantford,2,43.177989,-80.265461,2.57,urban,Late,0,0,100,0,0,0,0,0,1
B6,99,Brantford,3,43.177989,-80.265461,2.57,urban,Late,0,0,1000,0,0,0,0,0,6
B6,99,Brantford,4,43.177989,-80.265461,2.57,urban,Late,0,0,500,0,0,0,0,0,7
B6,99,Brantford,5,43.177989,-80.265461,2.57,urban,Late,0,0,75,0,0,0,0,0,9
B8,100,Brantford,1,43.178835,-80.287013,2.89,urban,Early,1,0,0,0,0,0,0,0,2
B8,100,Brantford,2,43.178835,-80.287013,2.89,urban,Early,1,0,0,0,0,0,0,0,4
B8,100,Brantford,3,43.178835,-80.287013,2.89,urban,Early,0,0,0,0,0,0,0,0,0
B8,100,Brantford,4,43.178835,-80.287013,2.89,urban,Early,0,0,0,0,0,0,0,0,1
B8,100,Brantford,5,43.178835,-80.287013,2.89,urban,Early,0,0,0,0,0,0,0,0,0
B8,100,Brantford,1,43.178835,-80.287013,2.89,urban,Late,0,0,0,0,0,0,0,0,0
B8,100,Brantford,2,43.178835,-80.287013,2.89,urban,Late,0,0,0,0,0,0,0,0,3
B8,100,Brantford,3,43.178835,-80.287013,2.89,urban,Late,0,0,0,0,0,0,0,0,1
B8,100,Brantford,4,43.178835,-80.287013,2.89,urban,Late,0,0,0,0,0,0,0,0,6
B8,100,Brantford,5,43.178835,-80.287013,2.89,urban,Late,0,0,0,0,0,0,0,0,10
G12,101,Guelph,1,43.558699,-80.222264,1.67,urban,Early,1,0,0,0,0,0,0,0,0
G12,101,Guelph,2,43.558699,-80.222264,1.67,urban,Early,2,0,0,0,0,0,0,0,1
G12,101,Guelph,3,43.558699,-80.222264,1.67,urban,Early,0,0,0,0,0,0,0,0,0
G12,101,Guelph,4,43.558699,-80.222264,1.67,urban,Early,0,0,0,0,0,0,0,0,0
G12,101,Guelph,5,43.558699,-80.222264,1.67,urban,Early,0,0,0,0,0,0,0,0,1
G12,101,Guelph,1,43.558699,-80.222264,1.67,urban,Late,0,0,0,0,0,0,0,0,2
G12,101,Guelph,2,43.558699,-80.222264,1.67,urban,Late,0,0,0,0,0,0,0,0,2
G12,101,Guelph,3,43.558699,-80.222264,1.67,urban,Late,0,0,0,0,0,0,0,0,0
G12,101,Guelph,4,43.558699,-80.222264,1.67,urban,Late,0,0,0,0,0,0,0,0,0
G12,101,Guelph,5,43.558699,-80.222264,1.67,urban,Late,0,0,0,0,0,0,0,0,1
G15,102,Guelph,1,43.545322,-80.156253,4.6,rural,Early,0,0,0,0,0,0,0,0,1
G15,102,Guelph,2,43.545322,-80.156253,4.6,rural,Early,0,0,0,0,0,0,0,0,1
G15,102,Guelph,3,43.545322,-80.156253,4.6,rural,Early,1,0,9,0,0,0,0,0,0
G15,102,Guelph,4,43.545322,-80.156253,4.6,rural,Early,2,0,0,0,0,0,0,0,3
G15,102,Guelph,5,43.545322,-80.156253,4.6,rural,Early,0,0,0,0,0,0,0,0,2
G15,102,Guelph,1,43.545322,-80.156253,4.6,rural,Late,0,0,0,0,0,0,0,0,3
G15,102,Guelph,2,43.545322,-80.156253,4.6,rural,Late,0,0,0,0,0,0,0,0,2
G15,102,Guelph,3,43.545322,-80.156253,4.6,rural,Late,0,0,0,0,0,0,0,0,0
G15,102,Guelph,4,43.545322,-80.156253,4.6,rural,Late,0,0,0,0,0,0,0,0,2
G15,102,Guelph,5,43.545322,-80.156253,4.6,rural,Late,0,0,0,0,0,0,0,0,1
G16,103,Guelph,1,43.569343,-80.172095,4.2,rural,Early,0,0,0,0,0,0,0,0,0
G16,103,Guelph,2,43.569343,-80.172095,4.2,rural,Early,0,0,0,0,0,0,0,0,0
G16,103,Guelph,3,43.569343,-80.172095,4.2,rural,Early,0,0,0,0,0,0,0,0,0
G16,103,Guelph,4,43.569343,-80.172095,4.2,rural,Early,3,0,0,0,0,0,0,0,0
G16,103,Guelph,5,43.569343,-80.172095,4.2,rural,Early,0,0,0,0,0,0,0,0,0
G16,103,Guelph,1,43.569343,-80.172095,4.2,rural,Late,0,0,0,0,0,0,0,0,0
G16,103,Guelph,2,43.569343,-80.172095,4.2,rural,Late,0,0,0,0,0,0,0,0,0
G16,103,Guelph,3,43.569343,-80.172095,4.2,rural,Late,0,0,0,0,0,1,0,0,0
G16,103,Guelph,4,43.569343,-80.172095,4.2,rural,Late,0,0,0,0,0,0,0,0,0
G16,103,Guelph,5,43.569343,-80.172095,4.2,rural,Late,0,0,0,0,0,0,0,0,1
G2,104,Guelph,1,43.488645,-80.217473,4.09,rural,Early,0,0,0,0,0,0,0,0,1
G2,104,Guelph,2,43.488645,-80.217473,4.09,rural,Early,0,0,0,0,0,0,0,0,0
G2,104,Guelph,3,43.488645,-80.217473,4.09,rural,Early,0,0,0,0,0,0,0,0,0
G2,104,Guelph,4,43.488645,-80.217473,4.09,rural,Early,0,0,0,0,0,0,0,0,0
G2,104,Guelph,5,43.488645,-80.217473,4.09,rural,Early,0,0,0,0,0,0,0,0,1
G2,104,Guelph,1,43.488645,-80.217473,4.09,rural,Late,0,0,0,0,0,0,0,0,5
G2,104,Guelph,2,43.488645,-80.217473,4.09,rural,Late,0,0,0,0,0,0,0,0,0
G2,104,Guelph,3,43.488645,-80.217473,4.09,rural,Late,0,0,0,0,0,0,0,0,3
G2,104,Guelph,4,43.488645,-80.217473,4.09,rural,Late,0,0,0,0,0,0,0,0,2
G2,104,Guelph,5,43.488645,-80.217473,4.09,rural,Late,0,0,0,0,25,0,0,0,1
G3,105,Guelph,1,43.505313,-80.232382,2.75,urban,Early,0,0,0,0,0,0,0,1,0
G3,105,Guelph,2,43.505313,-80.232382,2.75,urban,Early,0,0,0,0,0,0,0,0,0
G3,105,Guelph,3,43.505313,-80.232382,2.75,urban,Early,0,0,0,0,0,0,0,0,1
G3,105,Guelph,4,43.505313,-80.232382,2.75,urban,Early,0,0,0,0,0,0,0,0,0
G3,105,Guelph,5,43.505313,-80.232382,2.75,urban,Early,0,0,0,0,0,0,0,0,1
G3,105,Guelph,1,43.505313,-80.232382,2.75,urban,Late,0,0,0,0,0,0,0,0,2
G3,105,Guelph,2,43.505313,-80.232382,2.75,urban,Late,0,0,0,0,0,0,0,1,2
G3,105,Guelph,3,43.505313,-80.232382,2.75,urban,Late,0,0,0,0,0,0,0,0,0
G3,105,Guelph,4,43.505313,-80.232382,2.75,urban,Late,0,0,0,0,0,0,0,0,0
G3,105,Guelph,5,43.505313,-80.232382,2.75,urban,Late,0,0,0,0,0,0,0,0,0
G8,106,Guelph,1,43.531518,-80.199107,2.38,urban,Early,0,0,0,0,0,0,0,0,0
G8,106,Guelph,2,43.531518,-80.199107,2.38,urban,Early,0,0,0,0,0,0,0,1,0
G8,106,Guelph,3,43.531518,-80.199107,2.38,urban,Early,0,0,0,0,0,0,0,0,0
G8,106,Guelph,4,43.531518,-80.199107,2.38,urban,Early,0,0,0,0,0,0,0,1,0
G8,106,Guelph,5,43.531518,-80.199107,2.38,urban,Early,0,0,0,0,0,0,0,1,0
G8,106,Guelph,1,43.531518,-80.199107,2.38,urban,Late,0,0,0,0,0,0,0,0,0
G8,106,Guelph,2,43.531518,-80.199107,2.38,urban,Late,0,0,0,0,0,0,0,0,2
G8,106,Guelph,3,43.531518,-80.199107,2.38,urban,Late,0,0,0,0,0,0,0,0,0
G8,106,Guelph,4,43.531518,-80.199107,2.38,urban,Late,0,0,1000,0,0,0,0,0,0
G8,106,Guelph,5,43.531518,-80.199107,2.38,urban,Late,0,0,0,0,0,0,0,0,0
K1,107,Kitchner,1,43.421517,-80.613797,6.43,rural,Early,0,0,0,0,0,0,0,0,0
K1,107,Kitchner,2,43.421517,-80.613797,6.43,rural,Early,0,0,0,0,0,0,0,0,1
K1,107,Kitchner,3,43.421517,-80.613797,6.43,rural,Early,0,0,0,0,0,0,0,0,1
K1,107,Kitchner,4,43.421517,-80.613797,6.43,rural,Early,0,0,0,0,0,0,0,1,0
K1,107,Kitchner,5,43.421517,-80.613797,6.43,rural,Early,0,0,0,0,0,0,0,2,0
K1,107,Kitchner,1,43.421517,-80.613797,6.43,rural,Late,0,0,0,0,0,0,0,0,2
K1,107,Kitchner,2,43.421517,-80.613797,6.43,rural,Late,0,0,0,0,0,0,0,0,0
K1,107,Kitchner,3,43.421517,-80.613797,6.43,rural,Late,0,0,0,0,0,0,0,0,0
K1,107,Kitchner,4,43.421517,-80.613797,6.43,rural,Late,0,0,0,0,0,0,0,0,1
K1,107,Kitchner,5,43.421517,-80.613797,6.43,rural,Late,2,0,200,0,0,0,0,0,0
K11,108,Kitchner,1,43.418688,-80.484793,2.31,urban,Early,0,0,0,0,0,0,0,0,0
K11,108,Kitchner,2,43.418688,-80.484793,2.31,urban,Early,0,0,0,0,0,0,0,0,0
K11,108,Kitchner,3,43.418688,-80.484793,2.31,urban,Early,1,0,0,0,0,0,0,0,0
K11,108,Kitchner,4,43.418688,-80.484793,2.31,urban,Early,0,0,0,0,0,0,1,2,0
K11,108,Kitchner,5,43.418688,-80.484793,2.31,urban,Early,0,0,0,0,0,0,0,0,2
K11,108,Kitchner,1,43.418688,-80.484793,2.31,urban,Late,0,0,500,0,0,0,0,0,1
K11,108,Kitchner,2,43.418688,-80.484793,2.31,urban,Late,0,0,0,0,0,0,0,0,5
K11,108,Kitchner,3,43.418688,-80.484793,2.31,urban,Late,0,0,0,0,0,0,0,0,1
K11,108,Kitchner,4,43.418688,-80.484793,2.31,urban,Late,0,0,0,0,0,0,0,0,7
K11,108,Kitchner,5,43.418688,-80.484793,2.31,urban,Late,0,0,5,0,0,0,0,0,3
K17,109,Kitchner,1,43.451717,-80.368182,6.24,rural,Early,0,0,0,0,0,0,0,0,1
K17,109,Kitchner,2,43.451717,-80.368182,6.24,rural,Early,0,0,2,0,0,0,0,0,9
K17,109,Kitchner,3,43.451717,-80.368182,6.24,rural,Early,0,0,157,0,0,0,0,0,0
K17,109,Kitchner,4,43.451717,-80.368182,6.24,rural,Early,0,0,0,0,0,0,0,0,0
K17,109,Kitchner,5,43.451717,-80.368182,6.24,rural,Early,0,0,100,0,0,0,0,0,0
K17,109,Kitchner,1,43.451717,-80.368182,6.24,rural,Late,0,0,1000,0,0,0,0,0,4
K17,109,Kitchner,2,43.451717,-80.368182,6.24,rural,Late,0,0,300,0,0,0,0,0,0
K17,109,Kitchner,3,43.451717,-80.368182,6.24,rural,Late,1,0,150,0,0,0,0,0,2
K17,109,Kitchner,4,43.451717,-80.368182,6.24,rural,Late,0,0,50,0,0,0,0,0,0
K17,109,Kitchner,5,43.451717,-80.368182,6.24,rural,Late,0,0,5000,0,0,0,0,0,1
K2,110,Kitchner,1,43.477411,-80.591611,5.28,urban,Early,0,0,0,0,0,0,0,0,0
K2,110,Kitchner,2,43.477411,-80.591611,5.28,urban,Early,0,0,0,0,0,0,0,0,7
K2,110,Kitchner,3,43.477411,-80.591611,5.28,urban,Early,1,0,0,0,0,0,0,0,0
K2,110,Kitchner,4,43.477411,-80.591611,5.28,urban,Early,0,0,0,0,0,0,0,0,1
K2,110,Kitchner,5,43.477411,-80.591611,5.28,urban,Early,0,0,0,0,0,0,0,0,0
K2,110,Kitchner,1,43.477411,-80.591611,5.28,urban,Late,0,0,0,0,0,0,0,0,3
K2,110,Kitchner,2,43.477411,-80.591611,5.28,urban,Late,0,0,0,0,0,0,0,0,0
K2,110,Kitchner,3,43.477411,-80.591611,5.28,urban,Late,0,0,0,0,0,0,0,0,6
K2,110,Kitchner,4,43.477411,-80.591611,5.28,urban,Late,0,0,0,0,0,0,0,0,0
K2,110,Kitchner,5,43.477411,-80.591611,5.28,urban,Late,0,0,0,0,0,0,0,0,2
K5,111,Kitchner,1,43.502319,-80.622583,7.4,rural,Early,1,0,0,0,0,0,0,0,0
K5,111,Kitchner,2,43.502319,-80.622583,7.4,rural,Early,0,0,0,0,0,0,0,0,0
K5,111,Kitchner,3,43.502319,-80.622583,7.4,rural,Early,0,0,0,0,0,0,0,1,0
K5,111,Kitchner,4,43.502319,-80.622583,7.4,rural,Early,1,0,0,0,0,0,0,0,0
K5,111,Kitchner,5,43.502319,-80.622583,7.4,rural,Early,1,0,0,0,0,0,0,1,1
K5,111,Kitchner,1,43.502319,-80.622583,7.4,rural,Late,0,0,0,0,0,0,0,0,0
K5,111,Kitchner,2,43.502319,-80.622583,7.4,rural,Late,0,0,0,0,0,0,0,0,1
K5,111,Kitchner,3,43.502319,-80.622583,7.4,rural,Late,0,0,0,0,0,0,0,0,0
K5,111,Kitchner,4,43.502319,-80.622583,7.4,rural,Late,1,0,0,0,0,0,0,1,2
K5,111,Kitchner,5,43.502319,-80.622583,7.4,rural,Late,0,0,0,0,0,0,0,0,0
K9,112,Kitchner,1,43.440964,-80.488573,0.76,urban,Early,2,0,0,0,0,0,0,0,2
K9,112,Kitchner,2,43.440964,-80.488573,0.76,urban,Early,0,0,0,0,0,0,0,0,0
K9,112,Kitchner,3,43.440964,-80.488573,0.76,urban,Early,1,0,0,0,0,0,0,0,0
K9,112,Kitchner,4,43.440964,-80.488573,0.76,urban,Early,2,0,0,0,0,0,0,0,0
K9,112,Kitchner,5,43.440964,-80.488573,0.76,urban,Early,0,0,0,0,0,0,0,0,0
K9,112,Kitchner,1,43.440964,-80.488573,0.76,urban,Late,0,0,150,0,0,0,0,0,0
K9,112,Kitchner,2,43.440964,-80.488573,0.76,urban,Late,0,0,0,0,0,0,0,0,0
K9,112,Kitchner,3,43.440964,-80.488573,0.76,urban,Late,0,0,0,0,0,0,0,0,7
K9,112,Kitchner,4,43.440964,-80.488573,0.76,urban,Late,0,0,1,0,0,0,0,0,4
K9,112,Kitchner,5,43.440964,-80.488573,0.76,urban,Late,0,0,105,0,0,0,0,0,3
L14,113,London,1,42.962418,-81.218091,1.95,urban,Early,0,0,0,0,0,0,0,0,0
L14,113,London,2,42.962418,-81.218091,1.95,urban,Early,0,0,0,0,0,0,0,1,0
L14,113,London,3,42.962418,-81.218091,1.95,urban,Early,0,0,0,0,0,0,0,0,0
L14,113,London,4,42.962418,-81.218091,1.95,urban,Early,0,0,0,0,0,0,0,0,0
L14,113,London,5,42.962418,-81.218091,1.95,urban,Early,3,0,0,0,0,0,0,0,0
L14,113,London,1,42.962418,-81.218091,1.95,urban,Late,0,0,0,0,0,0,0,0,1
L14,113,London,2,42.962418,-81.218091,1.95,urban,Late,0,0,0,0,0,0,0,1,1
L14,113,London,3,42.962418,-81.218091,1.95,urban,Late,0,0,0,0,0,0,0,2,8
L14,113,London,4,42.962418,-81.218091,1.95,urban,Late,0,0,0,0,0,3,0,1,0
L14,113,London,5,42.962418,-81.218091,1.95,urban,Late,0,0,0,0,0,0,0,0,0
L15,114,London,1,42.879973,-81.175525,8.04,rural,Early,1,0,0,0,0,0,0,0,0
L15,114,London,2,42.879973,-81.175525,8.04,rural,Early,0,0,0,0,0,0,0,0,3
L15,114,London,3,42.879973,-81.175525,8.04,rural,Early,1,0,0,0,0,0,0,0,3
L15,114,London,4,42.879973,-81.175525,8.04,rural,Early,0,0,0,0,0,0,0,0,1
L15,114,London,5,42.879973,-81.175525,8.04,rural,Early,3,0,0,0,0,0,0,0,0
L15,114,London,1,42.879973,-81.175525,8.04,rural,Late,0,0,0,0,0,0,0,0,0
L15,114,London,2,42.879973,-81.175525,8.04,rural,Late,0,0,0,0,0,0,0,0,0
L15,114,London,3,42.879973,-81.175525,8.04,rural,Late,0,1,0,0,0,0,0,2,0
L15,114,London,4,42.879973,-81.175525,8.04,rural,Late,0,0,0,0,0,0,0,0,0
L15,114,London,5,42.879973,-81.175525,8.04,rural,Late,0,0,0,0,1,0,0,0,0
L16,115,London,1,42.982464,-81.092815,7.03,rural,Early,0,0,0,0,0,0,0,0,0
L16,115,London,2,42.982464,-81.092815,7.03,rural,Early,0,0,0,0,0,0,0,0,1
L16,115,London,3,42.982464,-81.092815,7.03,rural,Early,2,0,0,0,0,0,0,0,0
L16,115,London,4,42.982464,-81.092815,7.03,rural,Early,0,0,0,0,0,0,0,0,0
L16,115,London,5,42.982464,-81.092815,7.03,rural,Early,0,0,0,0,0,0,0,0,0
L16,115,London,1,42.982464,-81.092815,7.03,rural,Late,0,0,0,0,0,0,0,0,0
L16,115,London,2,42.982464,-81.092815,7.03,rural,Late,0,0,0,0,0,0,0,0,1
L6,116,London,1,43.07773,-81.212748,6.22,rural,Early,0,0,0,0,0,0,0,0,0
L6,116,London,2,43.07773,-81.212748,6.22,rural,Early,0,0,0,0,0,0,0,0,0
L6,116,London,3,43.07773,-81.212748,6.22,rural,Early,0,0,0,0,0,0,0,0,0
L6,116,London,4,43.07773,-81.212748,6.22,rural,Early,0,0,0,0,0,0,0,0,1
L6,116,London,5,43.07773,-81.212748,6.22,rural,Early,0,0,0,0,0,0,0,0,0
L6,116,London,1,43.07773,-81.212748,6.22,rural,Late,0,1,0,0,0,0,0,0,0
L6,116,London,2,43.07773,-81.212748,6.22,rural,Late,0,0,0,0,0,0,0,0,0
L6,116,London,3,43.07773,-81.212748,6.22,rural,Late,1,0,0,0,0,0,0,0,0
L6,116,London,4,43.07773,-81.212748,6.22,rural,Late,0,0,0,0,0,0,0,0,1
L6,116,London,5,43.07773,-81.212748,6.22,rural,Late,0,0,0,0,0,0,0,0,0
L7,117,London,1,43.040906,-81.263923,3.95,urban,Early,1,0,0,0,0,0,0,0,3
L7,117,London,2,43.040906,-81.263923,3.95,urban,Early,1,0,0,0,0,0,0,3,1
L7,117,London,3,43.040906,-81.263923,3.95,urban,Early,1,0,0,0,0,0,0,0,0
L7,117,London,4,43.040906,-81.263923,3.95,urban,Early,0,0,0,0,0,0,0,2,0
L7,117,London,5,43.040906,-81.263923,3.95,urban,Early,0,0,0,0,0,0,0,0,1
L7,117,London,1,43.040906,-81.263923,3.95,urban,Late,1,0,0,0,0,0,0,0,0
L7,117,London,2,43.040906,-81.263923,3.95,urban,Late,0,0,0,0,0,0,0,0,0
L7,117,London,3,43.040906,-81.263923,3.95,urban,Late,0,0,0,0,0,0,0,0,0
L7,117,London,4,43.040906,-81.263923,3.95,urban,Late,0,0,0,0,0,0,0,0,1
L7,117,London,5,43.040906,-81.263923,3.95,urban,Late,0,0,0,0,0,0,0,0,0
L8,118,London,1,43.015388,-81.266031,2.53,urban,Early,0,0,0,0,0,0,0,0,0
L8,118,London,2,43.015388,-81.266031,2.53,urban,Early,1,0,0,0,0,0,0,0,2
L8,118,London,3,43.015388,-81.266031,2.53,urban,Early,0,0,0,0,0,0,0,0,2
L8,118,London,4,43.015388,-81.266031,2.53,urban,Early,1,0,0,0,0,0,0,0,1
L8,118,London,5,43.015388,-81.266031,2.53,urban,Early,1,0,0,0,0,0,0,0,11
L8,118,London,1,43.015388,-81.266031,2.53,urban,Late,0,0,0,0,0,0,0,0,0
L8,118,London,2,43.015388,-81.266031,2.53,urban,Late,1,0,0,0,0,0,0,0,10
L8,118,London,3,43.015388,-81.266031,2.53,urban,Late,0,0,0,0,0,0,0,0,0
L8,118,London,4,43.015388,-81.266031,2.53,urban,Late,0,0,0,0,0,0,0,0,7
L8,118,London,5,43.015388,-81.266031,2.53,urban,Late,0,0,0,0,0,0,0,0,0
S10,119,StCatharines,1,43.115621,-79.245775,3.02,urban,Early,1,0,0,0,0,0,0,0,3
S10,119,StCatharines,2,43.115621,-79.245775,3.02,urban,Early,2,0,0,0,0,0,0,0,2
S10,119,StCatharines,3,43.115621,-79.245775,3.02,urban,Early,1,0,0,0,0,0,0,0,4
S10,119,StCatharines,4,43.115621,-79.245775,3.02,urban,Early,2,0,0,0,0,0,0,0,0
S10,119,StCatharines,5,43.115621,-79.245775,3.02,urban,Early,0,0,0,0,0,0,0,0,3
S11,120,StCatharines,1,43.162982,-79.308833,3.13,urban,Early,0,0,0,0,0,0,0,0,0
S11,120,StCatharines,2,43.162982,-79.308833,3.13,urban,Early,0,0,0,0,0,0,0,0,0
S11,120,StCatharines,3,43.162982,-79.308833,3.13,urban,Early,0,0,0,0,0,0,0,0,0
S11,120,StCatharines,4,43.162982,-79.308833,3.13,urban,Early,0,0,0,0,0,0,0,2,0
S11,120,StCatharines,5,43.162982,-79.308833,3.13,urban,Early,1,0,0,0,0,0,0,0,0
S11,120,StCatharines,1,43.162982,-79.308833,3.13,urban,Late,0,0,0,0,0,0,0,0,0
S11,120,StCatharines,2,43.162982,-79.308833,3.13,urban,Late,0,0,1,0,0,0,0,0,0
S11,120,StCatharines,3,43.162982,-79.308833,3.13,urban,Late,0,0,0,0,0,0,0,0,0
S11,120,StCatharines,4,43.162982,-79.308833,3.13,urban,Late,0,0,0,0,0,0,0,0,0
S11,120,StCatharines,5,43.162982,-79.308833,3.13,urban,Late,0,0,0,0,0,0,0,0,0
S2,121,StCatharines,1,43.20129,-79.26812,3.09,urban,Early,2,0,0,0,0,0,0,0,0
S2,121,StCatharines,2,43.20129,-79.26812,3.09,urban,Early,0,0,0,0,0,0,1,0,0
S2,121,StCatharines,3,43.20129,-79.26812,3.09,urban,Early,3,0,0,0,0,0,0,0,0
S2,121,StCatharines,4,43.20129,-79.26812,3.09,urban,Early,1,0,8,0,0,0,0,0,2
S2,121,StCatharines,5,43.20129,-79.26812,3.09,urban,Early,4,0,0,0,0,0,0,0,1
S2,121,StCatharines,1,43.20129,-79.26812,3.09,urban,Late,0,0,0,0,0,0,30,0,0
S2,121,StCatharines,2,43.20129,-79.26812,3.09,urban,Late,0,0,0,0,0,0,1,0,1
S2,121,StCatharines,3,43.20129,-79.26812,3.09,urban,Late,0,0,0,0,0,0,10,0,1
S2,121,StCatharines,4,43.20129,-79.26812,3.09,urban,Late,0,0,6,0,0,0,0,1,0
S2,121,StCatharines,5,43.20129,-79.26812,3.09,urban,Late,0,0,0,0,0,0,0,0,0
S4,122,StCatharines,1,43.161189,-79.235386,0.6,urban,Early,0,0,0,0,0,0,0,0,4
S4,122,StCatharines,2,43.161189,-79.235386,0.6,urban,Early,0,0,0,0,0,0,0,0,0
S4,122,StCatharines,3,43.161189,-79.235386,0.6,urban,Early,0,0,0,0,0,0,0,0,0
S4,122,StCatharines,4,43.161189,-79.235386,0.6,urban,Early,0,0,0,0,0,0,0,0,0
S4,122,StCatharines,5,43.161189,-79.235386,0.6,urban,Early,0,0,0,0,0,0,0,0,0
S4,122,StCatharines,1,43.161189,-79.235386,0.6,urban,Late,0,0,0,0,0,0,0,0,2
S4,122,StCatharines,2,43.161189,-79.235386,0.6,urban,Late,0,0,0,0,0,0,0,0,4
S4,122,StCatharines,3,43.161189,-79.235386,0.6,urban,Late,0,0,0,0,0,0,0,0,0
S4,122,StCatharines,4,43.161189,-79.235386,0.6,urban,Late,0,0,0,0,0,0,0,0,0
S4,122,StCatharines,5,43.161189,-79.235386,0.6,urban,Late,0,0,0,0,0,0,0,0,0
S8,123,StCatharines,1,43.109173,-79.258208,3.51,rural,Early,0,0,0,0,0,0,0,0,0
S8,123,StCatharines,2,43.109173,-79.258208,3.51,rural,Early,0,0,0,0,0,0,0,0,1
S8,123,StCatharines,3,43.109173,-79.258208,3.51,rural,Early,0,0,0,0,0,0,0,2,0
S8,123,StCatharines,4,43.109173,-79.258208,3.51,rural,Early,0,0,0,0,0,0,0,0,0
S8,123,StCatharines,5,43.109173,-79.258208,3.51,rural,Early,1,0,0,0,0,0,0,0,3
S8,123,StCatharines,1,43.109173,-79.258208,3.51,rural,Late,0,0,0,0,0,0,0,0,2
S8,123,StCatharines,2,43.109173,-79.258208,3.51,rural,Late,0,0,0,0,0,0,0,0,10
S8,123,StCatharines,3,43.109173,-79.258208,3.51,rural,Late,0,0,0,0,0,0,0,0,0
S8,123,StCatharines,4,43.109173,-79.258208,3.51,rural,Late,0,0,0,0,0,0,0,0,0
S8,123,StCatharines,5,43.109173,-79.258208,3.51,rural,Late,0,0,0,0,0,0,0,0,3
S9,124,StCatharines,1,43.107466,-79.287199,4.12,rural,Early,1,0,0,0,0,0,0,0,1
S9,124,StCatharines,2,43.107466,-79.287199,4.12,rural,Early,1,0,0,0,0,0,0,0,0
S9,124,StCatharines,3,43.107466,-79.287199,4.12,rural,Early,0,0,0,0,0,0,0,0,0
S9,124,StCatharines,4,43.107466,-79.287199,4.12,rural,Early,2,0,0,0,0,0,0,0,0
S9,124,StCatharines,5,43.107466,-79.287199,4.12,rural,Early,1,0,0,0,0,0,0,0,0
S9,124,StCatharines,1,43.107466,-79.287199,4.12,rural,Late,0,0,0,0,0,0,0,0,1
S9,124,StCatharines,2,43.107466,-79.287199,4.12,rural,Late,0,0,0,0,0,0,0,0,0
S9,124,StCatharines,3,43.107466,-79.287199,4.12,rural,Late,0,0,0,0,0,0,0,0,0
S9,124,StCatharines,4,43.107466,-79.287199,4.12,rural,Late,0,0,0,0,0,0,0,0,0
S9,124,StCatharines,5,43.107466,-79.287199,4.12,rural,Late,0,0,0,0,0,0,0,0,0